,employee_id,first_name,last_name,full_name,email,city,department
0,2433,Carlos,Holland,Carlos Holland,Carlosh@gmail.com,Andersonville,Sales
1,403,Brian,Howland,Brian Howland,Brianh@gmail.com,Lauriechester,Marketing
2,2556,Richard,Wallace,Richard Wallace,Richardw@gmail.com,North Kaitlyn,BI
3,1416,Sharlene,Dahlheimer,Sharlene Dahlheimer,Sharlened@gmail.com,Welchville,BI
4,2163,Laurice,Rellihan,Laurice Rellihan,Lauricer@gmail.com,Nicolefurt,Marketing
5,2843,Gwendolyn,Holifield,Gwendolyn Holifield,Gwendolynh@gmail.com,Port Jesseview,Sales
6,2327,Thomas,Anderson,Thomas Anderson,Thomasa@gmail.com,Harringtonview,Sales
7,779,Robert,Sturtevant,Robert Sturtevant,Roberts@gmail.com,Tuckerfort,Sales
8,3146,Carey,Mcdavid,Carey Mcdavid,Careym@gmail.com,New Jamesfort,BI
9,672,Mark,Hazelwood,Mark Hazelwood,Markh@gmail.com,New Christopherland,BI
10,2173,Martha,Berry,Martha Berry,Marthab@gmail.com,Toddhaven,BI
11,1440,Richard,Hall,Richard Hall,Richardh@gmail.com,East Thomaschester,Sales
12,841,Rodney,Lyons,Rodney Lyons,Rodneyl@gmail.com,Lake Michael,Marketing
13,2176,Antonio,Looney,Antonio Looney,Antoniol@gmail.com,Lake Brandonshire,Marketing
14,497,Deanna,Johnson,Deanna Johnson,Deannaj@gmail.com,Johnland,Sales
15,2306,Patsy,Lavallee,Patsy Lavallee,Patsyl@gmail.com,East Brianmouth,BI
16,598,Leticia,Wiley,Leticia Wiley,Leticiaw@gmail.com,West Ashley,BI
17,477,Sylvia,Leusink,Sylvia Leusink,Sylvial@gmail.com,Lake Melissa,Finance
18,1490,Felix,Brunner,Felix Brunner,Felixb@gmail.com,Brownmouth,BI
19,595,Thomas,Mcintyre,Thomas Mcintyre,Thomasm@gmail.com,Fordbury,Sales
20,2669,Richard,Slater,Richard Slater,Richards@gmail.com,Lake Joel,Marketing
21,3924,Dorothy,Putman,Dorothy Putman,Dorothyp@gmail.com,Curtiston,Finance
22,1004,Larry,Moxley,Larry Moxley,Larrym@gmail.com,Martinezton,Finance
23,2826,Jacqueline,Steele,Jacqueline Steele,Jacquelines@gmail.com,Gregorystad,Sales
24,230,Mildred,Rodriquez,Mildred Rodriquez,Mildredr@gmail.com,Serranobury,Finance
25,2524,Arthur,Smith,Arthur Smith,Arthurs@gmail.com,Victorborough,Finance
26,3161,Elaine,Geiger,Elaine Geiger,Elaineg@gmail.com,West Carolburgh,Sales
27,1453,Donald,Ring,Donald Ring,Donaldr@gmail.com,Salasstad,Marketing
28,3338,Rosalie,Burke,Rosalie Burke,Rosalieb@gmail.com,South Jasminefurt,Sales
29,3636,Susan,Summerville,Susan Summerville,Susans@gmail.com,New Donald,Marketing
30,3561,Elizabeth,Taylor,Elizabeth Taylor,Elizabetht@gmail.com,North Mistyhaven,Finance
31,1055,Ronald,Clark,Ronald Clark,Ronaldc@gmail.com,West Michaelfurt,BI
32,2012,Everett,Upton,Everett Upton,Everettu@gmail.com,South Victoria,Marketing
33,2437,Sherrie,Hicks,Sherrie Hicks,Sherrieh@gmail.com,Karenmouth,Finance
34,575,Leonard,Jones,Leonard Jones,Leonardj@gmail.com,Christopherbury,Marketing
35,2628,Lenore,Lindsey,Lenore Lindsey,Lenorel@gmail.com,North Ruthfurt,Marketing
36,3540,Joyce,Mcmanemy,Joyce Mcmanemy,Joycem@gmail.com,New Kimberlyland,BI
37,619,Gerald,Bennett,Gerald Bennett,Geraldb@gmail.com,Port Jameshaven,Sales
38,2603,Christine,Alanis,Christine Alanis,Christinea@gmail.com,Nancyfurt,BI
39,3531,Rene,Featherston,Rene Featherston,Renef@gmail.com,Cooktown,Sales
40,2336,Susan,Hopkins,Susan Hopkins,Susanh@gmail.com,North Carol,Sales
41,196,Karla,Crumble,Karla Crumble,Karlac@gmail.com,Port Davidhaven,Marketing
42,1942,Sheila,Saenz,Sheila Saenz,Sheilas@gmail.com,East Debraland,Marketing
43,3302,Howard,Branch,Howard Branch,Howardb@gmail.com,South Annachester,BI
44,1975,Shirley,Scott,Shirley Scott,Shirleys@gmail.com,Davidchester,BI
45,2198,Earnest,Debose,Earnest Debose,Earnestd@gmail.com,Lake Larry,BI
46,783,Thomas,Ruka,Thomas Ruka,Thomasr@gmail.com,Russellport,Marketing
47,2607,Sabrina,Crawford,Sabrina Crawford,Sabrinac@gmail.com,Lake Peter,Sales
48,3538,Frank,Reed,Frank Reed,Frankr@gmail.com,Port Troy,Sales
49,974,Marion,Law,Marion Law,Marionl@gmail.com,Annborough,Marketing
50,2838,Hilton,Stallcup,Hilton Stallcup,Hiltons@gmail.com,Michaelside,Sales
51,2046,Amy,Channey,Amy Channey,Amyc@gmail.com,North Roberttown,Sales
52,3256,Anne,Black,Anne Black,Anneb@gmail.com,South Katiechester,BI
53,1248,Patrick,Bender,Patrick Bender,Patrickb@gmail.com,New Dominiqueland,Finance
54,2127,Robert,Mcentyre,Robert Mcentyre,Robertm@gmail.com,Michaelville,Marketing
55,3417,Martha,Jones,Martha Jones,Marthaj@gmail.com,Port Catherinefort,Marketing
56,1961,Norma,Highfill,Norma Highfill,Normah@gmail.com,Lake Alexander,Finance
57,1205,Tamiko,Graves,Tamiko Graves,Tamikog@gmail.com,North Kellie,Finance
58,3839,Stephanie,Powell,Stephanie Powell,Stephaniep@gmail.com,East Timothyberg,Sales
59,2482,Brian,Carr,Brian Carr,Brianc@gmail.com,Port Maryfort,Sales
60,3136,Gladys,Naylor,Gladys Naylor,Gladysn@gmail.com,New Amyfort,Finance
61,2193,Barbara,Mesa,Barbara Mesa,Barbaram@gmail.com,West Heatherfort,Sales
62,2075,Thomas,Gregston,Thomas Gregston,Thomasg@gmail.com,Angelamouth,Sales
63,3860,Jonathan,Merrill,Jonathan Merrill,Jonathanm@gmail.com,Bakerborough,Finance
64,3412,Christopher,Olcott,Christopher Olcott,Christophero@gmail.com,Banksshire,Marketing
65,1213,Heidi,Boyles,Heidi Boyles,Heidib@gmail.com,South Nicole,Sales
66,993,Joyce,Montero,Joyce Montero,Joycem@gmail.com,Michealland,Finance
67,3793,Paula,Aste,Paula Aste,Paulaa@gmail.com,Tuckerview,Marketing
68,881,Alma,Rieck,Alma Rieck,Almar@gmail.com,Lake Jessica,BI
69,3396,Peggy,Hogg,Peggy Hogg,Peggyh@gmail.com,Brianborough,BI
70,823,Bridgett,Winship,Bridgett Winship,Bridgettw@gmail.com,South Traviston,Finance
71,1384,Amy,Martin,Amy Martin,Amym@gmail.com,Kaitlinburgh,Finance
72,984,Millie,May,Millie May,Milliem@gmail.com,Bradleyhaven,Sales
73,3573,Robert,Courtney,Robert Courtney,Robertc@gmail.com,Lorishire,Sales
74,2033,Hilda,Kelly,Hilda Kelly,Hildak@gmail.com,Port Angela,Marketing
75,2988,David,Mashack,David Mashack,Davidm@gmail.com,Bellfurt,Sales
76,1048,Ryan,Moody,Ryan Moody,Ryanm@gmail.com,East Jorgeburgh,Finance
77,3508,Harold,Beatty,Harold Beatty,Haroldb@gmail.com,Burnsfort,Sales
78,1743,Stacy,Crews,Stacy Crews,Stacyc@gmail.com,Cameronburgh,BI
79,3265,Tammy,Flight,Tammy Flight,Tammyf@gmail.com,North Julia,Finance
80,2282,Kevin,Paterson,Kevin Paterson,Kevinp@gmail.com,West Joshuashire,Marketing
81,159,Ronald,Joshi,Ronald Joshi,Ronaldj@gmail.com,Michellechester,Finance
82,409,Irene,Plunkett,Irene Plunkett,Irenep@gmail.com,Catherinehaven,Marketing
83,1695,Margaret,Drury,Margaret Drury,Margaretd@gmail.com,North Clarenceshire,Marketing
84,3877,Wilbur,Kleffman,Wilbur Kleffman,Wilburk@gmail.com,Andrewberg,Marketing
85,900,Rochelle,Marmerchant,Rochelle Marmerchant,Rochellem@gmail.com,Russellberg,Marketing
86,2079,Melinda,Gardner,Melinda Gardner,Melindag@gmail.com,Lake Angelaland,Marketing
87,1511,Patsy,Red,Patsy Red,Patsyr@gmail.com,West Ethan,Finance
88,2290,Peter,Coates,Peter Coates,Peterc@gmail.com,Baxtershire,Marketing
89,2954,Yvonne,Young,Yvonne Young,Yvonney@gmail.com,North Brandi,Finance
90,1132,Margaret,Mailloux,Margaret Mailloux,Margaretm@gmail.com,South Larryport,Marketing
91,2182,Norman,Delano,Norman Delano,Normand@gmail.com,Youngville,BI
92,1978,Raymond,Hagen,Raymond Hagen,Raymondh@gmail.com,South Deannabury,Finance
93,3360,Robert,Hutchins,Robert Hutchins,Roberth@gmail.com,Lake Ericberg,Sales
94,2978,Mike,Gillaspie,Mike Gillaspie,Mikeg@gmail.com,West Jessicachester,Finance
95,1768,Janel,Lanclos,Janel Lanclos,Janell@gmail.com,East Meghanhaven,Sales
96,69,David,Lavelle,David Lavelle,Davidl@gmail.com,Tracieland,Sales
97,10,Raymond,Kennedy,Raymond Kennedy,Raymondk@gmail.com,Heidifurt,Sales
98,1137,Harris,Soderlund,Harris Soderlund,Harriss@gmail.com,Lake Eileenberg,BI
99,2559,Chris,Shelton,Chris Shelton,Chriss@gmail.com,West Angelachester,Marketing
