,Unnamed: 0,customer_id,first_name,last_name,full_name,email,street,four_digits,country_id,credit_provider_id
0,0,395001,Lakisha,Guerra,Lakisha Guerra,Lakishag@gmail.com,551 Bradley Corner,3663,0,0
1,1,208044,Rosemarie,Shelton,Rosemarie Shelton,Rosemaries@gmail.com,8385 Paul Village,9907,1,1
2,2,730028,Joan,Bui,Joan Bui,Joanb@gmail.com,0361 Robert Stream Suite 854,8306,2,2
3,3,158960,Kevin,Mahoney,Kevin Mahoney,Kevinm@gmail.com,60128 Adams Lodge Apt. 336,5792,3,0
4,4,791715,Christine,Williams,Christine Williams,Christinew@gmail.com,022 Lisa Spur,1857,4,3
5,5,265696,Stacey,Quintana,Stacey Quintana,Staceyq@gmail.com,6736 Erin Glen Suite 758,6555,5,4
6,6,306131,Lillie,Walker,Lillie Walker,Lilliew@gmail.com,607 Colin Summit Apt. 179,4190,6,5
7,7,992930,Maria,Johnson,Maria Johnson,Mariaj@gmail.com,9685 Kevin Trail Apt. 708,9542,7,6
8,8,33276,Rayford,Petrin,Rayford Petrin,Rayfordp@gmail.com,41732 Luis Springs Apt. 296,8778,8,1
9,9,522286,Willa,Gaughan,Willa Gaughan,Willag@gmail.com,841 Rachel Oval,9139,9,0
10,10,144578,Garnett,Sanford,Garnett Sanford,Garnetts@gmail.com,026 Christopher Crossing,8728,10,3
11,11,26041,Christopher,Bray,Christopher Bray,Christopherb@gmail.com,958 Hutchinson Falls,3484,11,7
12,12,215422,Alfred,Bucher,Alfred Bucher,Alfredb@gmail.com,3566 Collins Drive Apt. 475,3114,12,0
13,13,109775,Rose,Dearborn,Rose Dearborn,Rosed@gmail.com,71706 Evans Flat Suite 334,8441,13,0
14,14,776343,Patricia,Maze,Patricia Maze,Patriciam@gmail.com,9054 Ashley Viaduct,7471,14,1
15,15,420070,Holly,Stahl,Holly Stahl,Hollys@gmail.com,5513 Powell Summit,3869,15,3
16,16,671419,Charles,West,Charles West,Charlesw@gmail.com,9519 Young Roads Apt. 188,9815,16,5
17,17,752060,Gerard,Bronsky,Gerard Bronsky,Gerardb@gmail.com,3256 Eric Fords Suite 052,4693,3,8
18,18,574456,Wilma,Horstman,Wilma Horstman,Wilmah@gmail.com,31564 Allen Avenue Apt. 770,7651,17,8
19,19,702787,Michelle,Garcia,Michelle Garcia,Michelleg@gmail.com,313 Ashley Plain Suite 268,8723,18,6
20,20,612980,Sylvia,Robinson,Sylvia Robinson,Sylviar@gmail.com,44310 Ballard Plaza,3347,19,3
21,21,293522,Martin,Walker,Martin Walker,Martinw@gmail.com,665 William Gardens Apt. 152,6619,20,6
22,22,406000,Sarah,Meyer,Sarah Meyer,Sarahm@gmail.com,1307 Tammy Prairie,7783,21,3
23,23,719448,James,Marino,James Marino,Jamesm@gmail.com,042 Carpenter Curve,7665,22,9
24,24,26652,Cynthia,Delaney,Cynthia Delaney,Cynthiad@gmail.com,0076 Moore Pike Suite 290,7920,23,9
25,25,556899,Jessie,Shipp,Jessie Shipp,Jessies@gmail.com,6739 Wilkerson Stream Apt. 538,1848,4,6
26,26,352758,Rose,Poole,Rose Poole,Rosep@gmail.com,03541 Jon Hills,4361,24,9
27,27,673546,Laurie,Frederick,Laurie Frederick,Laurief@gmail.com,2548 Krista Mill,3443,25,1
28,28,312819,Angela,Cam,Angela Cam,Angelac@gmail.com,9262 Murray Estates,4685,26,9
29,29,569213,Donald,Figueroa,Donald Figueroa,Donaldf@gmail.com,3454 Stark Ranch Suite 023,4059,27,1
30,30,657262,Dolores,Jackson,Dolores Jackson,Doloresj@gmail.com,177 Campos Crossing,2794,28,1
31,31,189875,Judith,Fugate,Judith Fugate,Judithf@gmail.com,343 Wood Bridge Apt. 668,4632,29,9
32,32,677400,Carolyn,Caponigro,Carolyn Caponigro,Carolync@gmail.com,460 Leonard Locks,4350,30,8
33,33,102114,Daniel,Kilburn,Daniel Kilburn,Danielk@gmail.com,408 Rojas Corners,2983,31,4
34,34,995822,Steve,Vincent,Steve Vincent,Stevev@gmail.com,049 Donald Park Apt. 287,6581,32,5
35,35,184160,Brittany,Whitney,Brittany Whitney,Brittanyw@gmail.com,1061 Joanna Wells Suite 834,5909,33,6
36,36,405703,Joanne,Davenport,Joanne Davenport,Joanned@gmail.com,48498 William Springs,3660,34,8
37,37,655294,Jane,Burton,Jane Burton,Janeb@gmail.com,0583 Tonya Forest Suite 390,4471,10,4
38,38,408206,Aaron,Mitchell,Aaron Mitchell,Aaronm@gmail.com,130 Andrea Gardens,1128,26,5
39,39,336460,Katie,Cook,Katie Cook,Katiec@gmail.com,110 Jorge Mission Suite 573,6235,35,9
40,40,320983,Charles,Tower,Charles Tower,Charlest@gmail.com,0000 Jean Lock,3166,36,0
41,41,959842,Amanda,Maria,Amanda Maria,Amandam@gmail.com,098 Freeman Isle Suite 710,3924,37,2
42,42,935506,Nadine,Adamson,Nadine Adamson,Nadinea@gmail.com,6548 Katherine Harbor Apt. 345,3594,38,7
43,43,108861,Nathan,Remaley,Nathan Remaley,Nathanr@gmail.com,30779 Alexander Parks,1432,39,7
44,44,787982,Eric,Woodberry,Eric Woodberry,Ericw@gmail.com,933 Nancy Row Apt. 245,5919,40,5
45,45,785196,Otis,Goya,Otis Goya,Otisg@gmail.com,7846 Kevin Stream Suite 317,6624,41,5
46,46,447911,Julie,Smuin,Julie Smuin,Julies@gmail.com,919 Kimberly Light Apt. 535,9196,42,0
47,47,424994,Edythe,Russell,Edythe Russell,Edyther@gmail.com,548 Phelps Station,9807,43,2
48,48,194111,Louis,Brockhaus,Louis Brockhaus,Louisb@gmail.com,2594 George Ports Apt. 567,4586,29,2
49,49,870204,Marion,Williams,Marion Williams,Marionw@gmail.com,225 Galvan Stream Suite 452,9507,44,1
50,50,701006,Thomas,Kelly,Thomas Kelly,Thomask@gmail.com,126 Devon Common Apt. 172,5273,45,7
51,51,442446,Juan,Zuniga,Juan Zuniga,Juanz@gmail.com,076 Harmon Crossing,8140,38,4
52,52,270909,Mary,Welder,Mary Welder,Maryw@gmail.com,57117 Erin Plaza Apt. 578,5023,46,7
53,53,985543,Millard,Smith,Millard Smith,Millards@gmail.com,1290 Amanda Mountains Apt. 004,8738,47,0
54,54,16116,Corinne,Felice,Corinne Felice,Corinnef@gmail.com,663 Daniels Keys,6253,48,7
55,55,488564,Nicholas,Kratochvil,Nicholas Kratochvil,Nicholask@gmail.com,0909 Joann Manors,7330,49,6
56,56,854433,Genevieve,Katz,Genevieve Katz,Genevievek@gmail.com,4964 Joseph Drives,8579,50,4
57,57,406448,Vicki,Hamill,Vicki Hamill,Vickih@gmail.com,7870 Jessica Mission,4881,51,6
58,58,185483,Robin,Greene,Robin Greene,Robing@gmail.com,4882 Tara Ridge Apt. 709,7065,52,1
59,59,700461,Albert,Graves,Albert Graves,Albertg@gmail.com,84671 Miller Underpass Apt. 823,7375,53,4
60,60,764580,Thomas,Carson,Thomas Carson,Thomasc@gmail.com,5531 Nathan Centers Suite 985,3328,16,1
61,61,98480,Howard,Nagao,Howard Nagao,Howardn@gmail.com,4273 Anna Springs Suite 919,2074,54,5
62,62,664162,Cynthia,Malone,Cynthia Malone,Cynthiam@gmail.com,1116 Trujillo Wall Apt. 015,6788,55,0
63,63,766035,Earl,Frazier,Earl Frazier,Earlf@gmail.com,4846 Maria Light Apt. 461,5441,27,1
64,64,930391,Cody,Cox,Cody Cox,Codyc@gmail.com,586 Kristina Lodge,2119,56,7
65,65,226861,David,Ogata,David Ogata,Davido@gmail.com,31289 Tiffany Ramp Apt. 608,5397,19,4
66,66,453373,Milo,Harness,Milo Harness,Miloh@gmail.com,6624 Hansen Stream,4845,19,1
67,67,637035,Jesse,Craig,Jesse Craig,Jessec@gmail.com,1573 Mary Port,1398,57,1
68,68,50224,Rebecca,Lanclos,Rebecca Lanclos,Rebeccal@gmail.com,746 Shepard Turnpike,3048,58,8
69,69,903309,Mary,Mapp,Mary Mapp,Marym@gmail.com,83143 Cunningham Junctions Apt. 937,2214,59,1
70,70,129829,David,Ratcliff,David Ratcliff,Davidr@gmail.com,7882 Ali Heights,4761,18,8
71,71,825752,Kasey,Atkins,Kasey Atkins,Kaseya@gmail.com,37083 Sharp Mountains,2346,60,5
72,72,306844,Mary,Sikorski,Mary Sikorski,Marys@gmail.com,8327 Robert Path Apt. 180,1122,61,5
73,73,197221,Mary,Mcwilliams,Mary Mcwilliams,Marym@gmail.com,2582 Timothy Street Suite 756,7042,62,6
74,74,740124,Leon,Pender,Leon Pender,Leonp@gmail.com,933 Sandoval Ramp Suite 152,8624,63,0
75,75,485726,Raymond,Shorter,Raymond Shorter,Raymonds@gmail.com,941 Matthew Inlet Apt. 772,9264,64,0
76,76,437263,Julianne,Massey,Julianne Massey,Juliannem@gmail.com,81459 Gardner Fords Apt. 267,9202,65,7
77,77,154863,Joseph,Curran,Joseph Curran,Josephc@gmail.com,131 Mcdowell Alley Suite 449,9141,66,1
78,78,565026,Christine,Cothran,Christine Cothran,Christinec@gmail.com,916 Holly Pike,6636,21,0
79,79,656008,Kerry,Ransom,Kerry Ransom,Kerryr@gmail.com,709 Cochran Grove Suite 090,8999,67,1
80,80,378177,Mendy,Garafalo,Mendy Garafalo,Mendyg@gmail.com,894 Valerie Oval,4268,11,8
81,81,69088,Sherry,Wafford,Sherry Wafford,Sherryw@gmail.com,2299 Horne Island,4930,68,4
82,82,164303,Andrew,Jackson,Andrew Jackson,Andrewj@gmail.com,2471 Ibarra Motorway,4334,69,9
83,83,372820,Catherine,Bennett,Catherine Bennett,Catherineb@gmail.com,2568 Weaver Turnpike,1668,17,8
84,84,413319,John,Armendariz,John Armendariz,Johna@gmail.com,56125 Maureen Plains,7297,70,5
85,85,722328,Gerri,Hillsgrove,Gerri Hillsgrove,Gerrih@gmail.com,3717 Lee Well,5711,71,7
86,86,711452,Lillian,Matthews,Lillian Matthews,Lillianm@gmail.com,544 Zamora Vista,4533,72,1
87,87,83916,Faye,Bauer,Faye Bauer,Fayeb@gmail.com,0622 Christopher Ports,5570,73,8
88,88,803086,Sherry,Clayton,Sherry Clayton,Sherryc@gmail.com,2281 Lee Valleys,4556,74,1
89,89,261776,Jonathan,Welch,Jonathan Welch,Jonathanw@gmail.com,38044 David Ports Suite 427,7783,75,4
90,90,481946,Peggy,Roderick,Peggy Roderick,Peggyr@gmail.com,6741 Crystal Forest,6822,76,0
91,91,400998,Sharon,Alegre,Sharon Alegre,Sharona@gmail.com,36806 Kerr Port,1984,77,6
92,92,779975,Milton,Lowrey,Milton Lowrey,Miltonl@gmail.com,5881 Deanna Rapid Suite 591,3200,78,1
93,93,909665,Steven,Schmidt,Steven Schmidt,Stevens@gmail.com,968 Shannon Fall,3638,54,1
94,94,559597,Craig,Wiederhold,Craig Wiederhold,Craigw@gmail.com,138 Desiree Ville,1668,34,1
95,95,622905,Pauline,Robinson,Pauline Robinson,Pauliner@gmail.com,9676 Schultz Lakes,3986,79,3
96,96,592113,Susan,Tooley,Susan Tooley,Susant@gmail.com,832 Juarez Roads Suite 689,8874,80,1
97,97,76922,Aaron,Hyde,Aaron Hyde,Aaronh@gmail.com,714 Herman Land,6548,6,9
98,98,221322,Doris,Wagner,Doris Wagner,Dorisw@gmail.com,7697 Frank Fields Apt. 144,2038,81,1
99,99,126407,Victor,Meredith,Victor Meredith,Victorm@gmail.com,972 Cox Parks Suite 162,7522,18,5
100,100,584052,Carol,Cassidy,Carol Cassidy,Carolc@gmail.com,247 Ruben Island Apt. 826,9011,82,1
101,101,394216,Anne,Reed,Anne Reed,Anner@gmail.com,3987 Odom Trail,7974,83,8
102,102,706362,Alberta,Reny,Alberta Reny,Albertar@gmail.com,59883 Scott Shore,5097,84,6
103,103,320031,Lori,Webster,Lori Webster,Loriw@gmail.com,99269 Gray Island Suite 377,2489,85,7
104,104,929028,Marcie,Liggett,Marcie Liggett,Marciel@gmail.com,4334 Leah Route Suite 201,9831,86,4
105,105,312290,Tommie,Peterson,Tommie Peterson,Tommiep@gmail.com,816 Ryan Forest,4329,87,4
106,106,501821,Anthony,Moore,Anthony Moore,Anthonym@gmail.com,643 Adrian Way,4471,54,7
107,107,958659,Jeanette,Ruiz,Jeanette Ruiz,Jeanetter@gmail.com,73344 Julie Stravenue Apt. 505,8769,88,7
108,108,759352,Jamie,Spring,Jamie Spring,Jamies@gmail.com,728 Fuller Square Suite 375,3373,89,1
109,109,943735,Robert,Lewis,Robert Lewis,Robertl@gmail.com,543 Erik Alley,2796,90,1
110,110,275711,William,Robertshaw,William Robertshaw,Williamr@gmail.com,9732 Joseph Station,6855,91,2
111,111,277255,Tina,Kleiman,Tina Kleiman,Tinak@gmail.com,021 Watson Corners,1815,50,1
112,112,688317,Veta,Berlin,Veta Berlin,Vetab@gmail.com,8130 Medina Fields,7247,92,0
113,113,101281,Marie,Roman,Marie Roman,Marier@gmail.com,3490 Chandler Pass,6110,93,3
114,114,471237,John,Longsdorf,John Longsdorf,Johnl@gmail.com,645 Kelli Station,5210,63,0
115,115,945446,Charlie,Haughney,Charlie Haughney,Charlieh@gmail.com,509 Thomas Roads Apt. 154,3784,8,7
116,116,304347,Jonathan,Buckley,Jonathan Buckley,Jonathanb@gmail.com,1985 Renee Island,4995,92,6
117,117,598527,Eric,Bialczyk,Eric Bialczyk,Ericb@gmail.com,88836 Parsons Place Apt. 602,6415,94,7
118,118,222383,Diana,Henrick,Diana Henrick,Dianah@gmail.com,79468 Mckenzie Field,7566,95,3
119,119,106163,Charles,Marlowe,Charles Marlowe,Charlesm@gmail.com,257 Valerie Circles,3952,96,1
120,120,5303,Frances,Beasley,Frances Beasley,Francesb@gmail.com,421 Scott Harbors Apt. 386,8351,97,8
121,121,288177,Karla,Stumpf,Karla Stumpf,Karlas@gmail.com,156 Jimenez Highway Apt. 360,1555,98,0
122,122,405587,Tyson,Hill,Tyson Hill,Tysonh@gmail.com,6361 Guzman Crossing,2840,99,7
123,123,527585,Lucille,Peterson,Lucille Peterson,Lucillep@gmail.com,75801 Morris Stravenue Apt. 177,8143,100,8
124,124,155502,Cherilyn,Lajoie,Cherilyn Lajoie,Cherilynl@gmail.com,236 Morris Cove,7822,101,1
125,125,442511,Lisa,Bishop,Lisa Bishop,Lisab@gmail.com,0289 Edwards Field,1590,102,1
126,126,531232,Joseph,Whatley,Joseph Whatley,Josephw@gmail.com,6440 Green Highway Apt. 815,6613,18,0
127,127,486329,Scott,Yodis,Scott Yodis,Scotty@gmail.com,59571 Megan Walk,6572,103,4
128,128,425062,Anna,Young,Anna Young,Annay@gmail.com,7789 Mueller Cape Suite 051,2909,27,1
129,129,7320,Gary,Shepherd,Gary Shepherd,Garys@gmail.com,4016 Nancy Pike,1228,104,1
130,130,436088,Sandra,Hauptman,Sandra Hauptman,Sandrah@gmail.com,0088 Kevin Mountain,3056,105,0
131,131,331431,Kimberley,Winters,Kimberley Winters,Kimberleyw@gmail.com,06916 Shaw Ramp,4440,2,1
132,132,930627,Kathleen,Fuentes,Kathleen Fuentes,Kathleenf@gmail.com,822 Palmer Islands,1053,85,8
133,133,548615,Ashley,Coburn,Ashley Coburn,Ashleyc@gmail.com,89216 Julie Extension,7038,1,0
134,134,957681,David,Carter,David Carter,Davidc@gmail.com,99152 King Corner,2689,106,3
135,135,546491,Alva,Bren,Alva Bren,Alvab@gmail.com,6855 Rivera Street Suite 616,9701,50,6
136,136,173191,Herbert,Tibbs,Herbert Tibbs,Herbertt@gmail.com,0529 Shannon Wells Suite 262,3161,12,8
137,137,309914,Doris,Strohl,Doris Strohl,Doriss@gmail.com,622 John Mountain,9563,107,4
138,138,869674,Mack,Valverde,Mack Valverde,Mackv@gmail.com,11818 Jensen Port Suite 419,1576,108,4
139,139,282676,Kenneth,Jahn,Kenneth Jahn,Kennethj@gmail.com,691 Miller Fall,8357,109,6
140,140,50158,David,Tucker,David Tucker,Davidt@gmail.com,4513 Christine Crossing Suite 293,2266,110,2
141,141,78657,Harold,Brook,Harold Brook,Haroldb@gmail.com,2130 Mary Mews Suite 609,6752,91,2
142,142,84145,Carol,Foster,Carol Foster,Carolf@gmail.com,4834 Simpson Views,5077,111,0
143,143,896233,Joseph,Obrien,Joseph Obrien,Josepho@gmail.com,6213 Jessica Ways,7727,112,4
144,144,803915,Shawn,Nelson,Shawn Nelson,Shawnn@gmail.com,3178 Smith Grove,4931,110,6
145,145,543325,Audrey,Young,Audrey Young,Audreyy@gmail.com,550 Lori Port,1297,99,5
146,146,80106,Robert,Holton,Robert Holton,Roberth@gmail.com,74399 William Via Apt. 919,8215,113,3
147,147,7925,Alvin,Cena,Alvin Cena,Alvinc@gmail.com,3861 William Causeway Apt. 287,9124,114,6
148,148,70533,Christopher,Umbaugh,Christopher Umbaugh,Christopheru@gmail.com,870 Welch Lock,3115,84,3
149,149,963516,Jeff,Lundberg,Jeff Lundberg,Jeffl@gmail.com,2168 Brown Cliff Suite 890,5622,106,1
150,150,165631,Latoya,Street,Latoya Street,Latoyas@gmail.com,744 Jones Mountains Suite 795,2803,57,6
151,151,90781,Christopher,Keaton,Christopher Keaton,Christopherk@gmail.com,1254 Dustin Courts Apt. 661,6019,115,7
152,152,310940,Tammy,Scott,Tammy Scott,Tammys@gmail.com,65962 Harris Cliffs Apt. 740,1008,58,2
153,153,189174,Juan,Colquitt,Juan Colquitt,Juanc@gmail.com,512 Jessica Islands Apt. 012,3807,116,2
154,154,16072,Lawanda,Parker,Lawanda Parker,Lawandap@gmail.com,15239 Noble Extension,3842,99,2
155,155,872476,Anthony,Simpson,Anthony Simpson,Anthonys@gmail.com,71559 Daniel Lakes,2836,88,0
156,156,71312,Kelly,Holloway,Kelly Holloway,Kellyh@gmail.com,9568 Martinez Meadows,7377,117,4
157,157,847627,Randi,Alvord,Randi Alvord,Randia@gmail.com,6939 Sanchez Highway Suite 580,8112,6,6
158,158,879608,Kenneth,Childress,Kenneth Childress,Kennethc@gmail.com,386 Vance Brook Suite 588,7076,118,5
159,159,653811,Cassandra,Smith,Cassandra Smith,Cassandras@gmail.com,9092 Davis Route Suite 115,7537,119,8
160,160,346649,Ian,Harris,Ian Harris,Ianh@gmail.com,2274 Phillips Streets,4321,120,0
161,161,208367,William,Brown,William Brown,Williamb@gmail.com,425 Curtis Vista Apt. 285,7575,121,4
162,162,101769,Jerome,Chestnut,Jerome Chestnut,Jeromec@gmail.com,6009 Nicholson Isle Apt. 047,8972,122,4
163,163,35593,Jose,Pitts,Jose Pitts,Josep@gmail.com,2655 Kirk Motorway Apt. 815,2799,84,7
164,164,893312,Jonathan,Robinson,Jonathan Robinson,Jonathanr@gmail.com,0479 Gallagher Expressway,1721,57,7
165,165,347632,Therese,Carovski,Therese Carovski,Theresec@gmail.com,54781 Kyle Club Suite 415,6982,123,3
166,166,209816,Kelly,Adams,Kelly Adams,Kellya@gmail.com,12632 Montgomery Skyway,7252,124,8
167,167,214208,Barbara,Small,Barbara Small,Barbaras@gmail.com,18951 Gutierrez Drives,8498,125,2
168,168,466269,John,Burns,John Burns,Johnb@gmail.com,1340 Richard Keys,3952,71,1
169,169,154947,Gregory,Weiss,Gregory Weiss,Gregoryw@gmail.com,97439 Elizabeth Road Apt. 129,8416,97,9
170,170,585316,Mary,Price,Mary Price,Maryp@gmail.com,888 Weber Drives Apt. 347,5694,126,1
171,171,735662,Sandy,Mcdorman,Sandy Mcdorman,Sandym@gmail.com,24247 Brittany Unions,7086,127,4
172,172,322086,Bobbie,Davies,Bobbie Davies,Bobbied@gmail.com,1703 Velazquez Bypass,3636,73,4
173,173,248417,Karen,Castro,Karen Castro,Karenc@gmail.com,298 Fischer Coves,6958,116,0
174,174,191482,Fidel,Widrick,Fidel Widrick,Fidelw@gmail.com,569 Ian Haven,6129,128,7
175,175,730193,Ruth,Linton,Ruth Linton,Ruthl@gmail.com,6839 Richard Terrace,4022,103,0
176,176,483696,Bernice,Jenkins,Bernice Jenkins,Bernicej@gmail.com,48421 Dylan Shores,8863,129,9
177,177,392844,Mary,Clark,Mary Clark,Maryc@gmail.com,130 Wright Parks,5850,65,6
178,178,10410,Victor,Edmondson,Victor Edmondson,Victore@gmail.com,471 Warner Key Suite 396,2955,130,1
179,179,626733,Lorena,Phillips,Lorena Phillips,Lorenap@gmail.com,761 Mario Fork Apt. 782,4712,57,1
180,180,778236,Nell,Wolf,Nell Wolf,Nellw@gmail.com,721 Warren Plaza,9953,119,2
181,181,102277,Lavenia,Simm,Lavenia Simm,Lavenias@gmail.com,982 Ramos Trail,8201,131,8
182,182,925064,Christopher,Harman,Christopher Harman,Christopherh@gmail.com,781 Gonzalez Parks,5897,19,6
183,183,294339,Ed,Merritt,Ed Merritt,Edm@gmail.com,7655 Maurice Neck Suite 975,9182,119,4
184,184,840735,Josephine,Johnson,Josephine Johnson,Josephinej@gmail.com,5918 Johnson Oval,7980,132,5
185,185,489339,Frank,Gilbert,Frank Gilbert,Frankg@gmail.com,556 Olivia Trafficway,4139,35,1
186,186,174454,Angela,Soto,Angela Soto,Angelas@gmail.com,08798 Cox Spurs,5090,133,1
187,187,981476,Michael,Davila,Michael Davila,Michaeld@gmail.com,037 Williams Well,4014,134,1
188,188,60209,Robin,Culotta,Robin Culotta,Robinc@gmail.com,77875 John Rest,8606,58,4
189,189,367571,James,Richmond,James Richmond,Jamesr@gmail.com,79236 Smith Plains,9333,135,6
190,190,577423,Irene,Henson,Irene Henson,Ireneh@gmail.com,719 Peter Glen Suite 370,1798,136,8
191,191,700536,Peter,Harvey,Peter Harvey,Peterh@gmail.com,4731 Wright Creek,5239,137,0
192,192,890345,Theresa,Dixon,Theresa Dixon,Theresad@gmail.com,6877 Rebecca Mission,6583,105,2
193,193,779857,Ivan,Michelson,Ivan Michelson,Ivanm@gmail.com,27561 Laura Track,5759,138,8
194,194,819675,Olga,Martinez,Olga Martinez,Olgam@gmail.com,62918 Roth Rest Suite 923,5072,66,8
195,195,272925,Barrett,Hernandez,Barrett Hernandez,Barretth@gmail.com,41415 Brenda Junctions Apt. 638,3465,139,2
196,196,678765,Mary,Dostal,Mary Dostal,Maryd@gmail.com,4193 Manuel Manor,3429,38,3
197,197,510489,Joseph,Williams,Joseph Williams,Josephw@gmail.com,1284 Bryan Lake,1470,24,9
198,198,154882,Bart,Mcdonald,Bart Mcdonald,Bartm@gmail.com,22498 Michael Via,2592,131,9
199,199,420136,Maria,Hurley,Maria Hurley,Mariah@gmail.com,20245 Bean Pines Suite 490,5801,140,0
200,200,915596,Gabriel,Wade,Gabriel Wade,Gabrielw@gmail.com,4926 Jessica Turnpike Suite 530,5741,109,6
201,201,858715,Elizabeth,Harwood,Elizabeth Harwood,Elizabethh@gmail.com,746 Howe Bypass,3096,141,7
202,202,516407,Cecil,Hertel,Cecil Hertel,Cecilh@gmail.com,3661 Figueroa Glens,2281,75,5
203,203,986130,Alicia,Parker,Alicia Parker,Aliciap@gmail.com,1171 Gray Land Suite 548,8843,114,5
204,204,129598,Fred,Mullaney,Fred Mullaney,Fredm@gmail.com,6225 Robert Forge,9599,87,6
205,205,97503,Kathleen,Cook,Kathleen Cook,Kathleenc@gmail.com,9664 Mary Villages,3957,142,1
206,206,669443,Troy,Gipe,Troy Gipe,Troyg@gmail.com,3302 Lawson Coves Suite 470,7359,143,9
207,207,774278,Zachery,Cardenas,Zachery Cardenas,Zacheryc@gmail.com,49728 Fields Knoll Apt. 199,9518,144,8
208,208,213386,Joseph,Rothenberg,Joseph Rothenberg,Josephr@gmail.com,726 Wilson Trail Suite 652,5334,145,4
209,209,189154,Timothy,Hill,Timothy Hill,Timothyh@gmail.com,17965 Thompson Crest Apt. 878,5521,144,6
210,210,694169,William,Sprung,William Sprung,Williams@gmail.com,7373 Jason Expressway,4232,70,1
211,211,817007,Claudine,Schertz,Claudine Schertz,Claudines@gmail.com,1297 Phillips Burg,9594,32,3
212,212,242523,Janet,Owens,Janet Owens,Janeto@gmail.com,4364 Kramer Place Apt. 104,3542,79,7
213,213,162168,Miles,Bradham,Miles Bradham,Milesb@gmail.com,09993 Julia Alley Suite 007,6136,146,8
214,214,451812,Kareem,Oliver,Kareem Oliver,Kareemo@gmail.com,20683 Lee Field,7965,36,1
215,215,484339,Frank,Ally,Frank Ally,Franka@gmail.com,60110 Krause Center,2342,97,7
216,216,141237,Raymond,Edwards,Raymond Edwards,Raymonde@gmail.com,6833 Robert Crest Apt. 099,1628,84,1
217,217,227806,Wanda,Emerson,Wanda Emerson,Wandae@gmail.com,9943 Murphy Pass Suite 753,7775,136,7
218,218,854858,Don,Mattingly,Don Mattingly,Donm@gmail.com,91609 Valerie Spring Apt. 869,9515,122,9
219,219,842849,Timothy,Bailey,Timothy Bailey,Timothyb@gmail.com,733 King Branch Apt. 912,9125,47,2
220,220,490747,Jimmy,Fleshman,Jimmy Fleshman,Jimmyf@gmail.com,3282 Dixon Falls Suite 480,6699,108,6
221,221,360581,Thomas,Hill,Thomas Hill,Thomash@gmail.com,733 Taylor Squares Suite 926,5566,147,5
222,222,103076,Robert,Barette,Robert Barette,Robertb@gmail.com,93062 Ryan Center,6535,50,1
223,223,135422,Maria,Coleman,Maria Coleman,Mariac@gmail.com,41545 Charles Prairie,5332,121,0
224,224,311190,Corey,Blessing,Corey Blessing,Coreyb@gmail.com,348 Kelly Key Suite 018,7910,148,4
225,225,832489,Willie,Neel,Willie Neel,Willien@gmail.com,125 Graves Unions,3315,149,5
226,226,277832,Sheila,Dendy,Sheila Dendy,Sheilad@gmail.com,07915 Delgado Fords Suite 862,7806,131,4
227,227,618606,Donna,Knight,Donna Knight,Donnak@gmail.com,41747 Sexton Mountains,2584,86,2
228,228,947544,Anna,Clarke,Anna Clarke,Annac@gmail.com,554 Paige Underpass Apt. 894,9168,119,7
229,229,929602,Jason,Benson,Jason Benson,Jasonb@gmail.com,4455 Thompson Camp,7569,16,1
230,230,245640,William,Bates,William Bates,Williamb@gmail.com,754 Jesse Manor Apt. 732,1160,87,2
231,231,888674,Lynne,Kendrick,Lynne Kendrick,Lynnek@gmail.com,621 Martinez Mountain,7664,150,2
232,232,866443,Karina,Hildreth,Karina Hildreth,Karinah@gmail.com,2833 Steven Ports,9834,53,8
233,233,201021,Carmen,Glidden,Carmen Glidden,Carmeng@gmail.com,104 Dawn Via Suite 491,5885,151,1
234,234,493347,Clinton,Whitesell,Clinton Whitesell,Clintonw@gmail.com,0152 James Flats,6943,152,2
235,235,327323,Beverlee,Robinson,Beverlee Robinson,Beverleer@gmail.com,3241 Davis Estate Apt. 260,6813,63,4
236,236,863605,Thomas,Voss,Thomas Voss,Thomasv@gmail.com,845 Ann Terrace Apt. 120,9076,153,6
237,237,187900,Julie,Shelton,Julie Shelton,Julies@gmail.com,2845 David Stravenue,9488,154,9
238,238,118801,Alice,Gardner,Alice Gardner,Aliceg@gmail.com,293 Troy Meadow,3171,3,7
239,239,613742,Frederick,Rigsby,Frederick Rigsby,Frederickr@gmail.com,928 Murphy Forges Apt. 629,2214,113,1
240,240,751395,Gary,Brassfield,Gary Brassfield,Garyb@gmail.com,90136 Morris Trail Suite 391,1772,144,3
241,241,105043,Stacie,Herrera,Stacie Herrera,Stacieh@gmail.com,30488 Sutton Meadows Apt. 070,3816,152,1
242,242,228734,Tina,Cohn,Tina Cohn,Tinac@gmail.com,4545 Banks Burgs,4533,155,9
243,243,824974,Wanda,Kittinger,Wanda Kittinger,Wandak@gmail.com,57267 Steven Fords Apt. 070,6053,15,0
244,244,115215,Dana,Smith,Dana Smith,Danas@gmail.com,75221 Bobby Coves Apt. 139,6035,147,1
245,245,441937,Arthur,Cortez,Arthur Cortez,Arthurc@gmail.com,72856 Greer Drives,4448,97,1
246,246,907811,David,Paetzold,David Paetzold,Davidp@gmail.com,1170 Jennifer Route Apt. 046,2056,33,5
247,247,565086,Mary,Aziz,Mary Aziz,Marya@gmail.com,950 Vincent Vista Suite 837,2251,156,6
248,248,196672,Timothy,Schreiner,Timothy Schreiner,Timothys@gmail.com,134 Scott Loaf Suite 151,4888,43,2
249,249,382306,Leola,Finley,Leola Finley,Leolaf@gmail.com,013 Gonzalez Rue Apt. 659,7416,101,6
250,250,791435,Robert,Gilbertson,Robert Gilbertson,Robertg@gmail.com,0063 Melissa Shoal,5421,103,5
251,251,60367,Javier,Huddleston,Javier Huddleston,Javierh@gmail.com,16242 Joann Squares Apt. 450,1679,84,3
252,252,513636,Marcus,Ross,Marcus Ross,Marcusr@gmail.com,843 Vasquez Plaza,9580,114,4
253,253,55356,Corinne,Sias,Corinne Sias,Corinnes@gmail.com,372 Dillon Meadow Suite 281,7992,33,3
254,254,561386,Paul,Blalock,Paul Blalock,Paulb@gmail.com,9892 Matthew Hollow,4849,154,6
255,255,11031,Evelyn,Pruitt,Evelyn Pruitt,Evelynp@gmail.com,11929 Williams Fields,7517,136,1
256,256,593071,Dale,Hansen,Dale Hansen,Daleh@gmail.com,31044 Hester Village,8238,157,4
257,257,308774,Forrest,Scott,Forrest Scott,Forrests@gmail.com,8998 Steven Corner,5223,158,1
258,258,526656,Maria,Kelley,Maria Kelley,Mariak@gmail.com,8952 Timothy Brooks,1264,36,9
259,259,745897,Jesse,Rivera,Jesse Rivera,Jesser@gmail.com,44553 Mccoy Islands,9996,159,6
260,260,84367,Kendra,Cannady,Kendra Cannady,Kendrac@gmail.com,75289 Brian Union,7087,85,6
261,261,593365,Steven,Davis,Steven Davis,Stevend@gmail.com,6737 Leah Manors Apt. 413,1217,96,9
262,262,61299,Dorothy,Parker,Dorothy Parker,Dorothyp@gmail.com,4285 Baker Streets Apt. 218,3398,20,7
263,263,436519,Robert,Bertrand,Robert Bertrand,Robertb@gmail.com,2100 Villanueva Village,8796,56,0
264,264,913456,Jean,Wiggins,Jean Wiggins,Jeanw@gmail.com,12955 Davidson Lights,6657,7,6
265,265,108959,Wayne,Hall,Wayne Hall,Wayneh@gmail.com,799 Samantha Crossroad,5356,77,5
266,266,78704,Regina,Annis,Regina Annis,Reginaa@gmail.com,902 Smith Gardens,3478,55,0
267,267,301991,Kathleen,Flury,Kathleen Flury,Kathleenf@gmail.com,988 Jared Trail Apt. 477,9288,85,6
268,268,935293,Angela,Rankins,Angela Rankins,Angelar@gmail.com,636 Wall Plain,6617,84,6
269,269,18813,Fredrick,Blair,Fredrick Blair,Fredrickb@gmail.com,534 Mary Pine Apt. 243,1253,160,8
270,270,397000,William,Odell,William Odell,Williamo@gmail.com,7248 Smith Center Suite 464,8017,44,1
271,271,182761,Nicole,Bumbrey,Nicole Bumbrey,Nicoleb@gmail.com,4058 Phelps Hollow Apt. 431,7380,55,1
272,272,675439,Thelma,Desano,Thelma Desano,Thelmad@gmail.com,7660 Williams Courts,2933,111,5
273,273,988969,Martin,Slate,Martin Slate,Martins@gmail.com,3925 Smith Island,3947,161,9
274,274,488376,Harley,Toddy,Harley Toddy,Harleyt@gmail.com,514 Kirk Isle,5840,21,6
275,275,892608,Lori,Avendano,Lori Avendano,Loria@gmail.com,0404 Dixon Wells Apt. 134,9229,36,2
276,276,73047,Christy,Gould,Christy Gould,Christyg@gmail.com,705 Martinez Estates Apt. 746,6148,79,2
277,277,808452,Walter,Hanlin,Walter Hanlin,Walterh@gmail.com,4386 Paul Station Suite 159,6855,162,0
278,278,767625,Garry,Mcculloch,Garry Mcculloch,Garrym@gmail.com,983 Erin Estates Apt. 580,6197,163,3
279,279,941815,Jack,Bradley,Jack Bradley,Jackb@gmail.com,708 Crawford Lodge,4388,164,6
280,280,940016,Laura,Smelser,Laura Smelser,Lauras@gmail.com,0805 Heather Crest Apt. 431,3856,121,6
281,281,753830,Rivka,Kelm,Rivka Kelm,Rivkak@gmail.com,020 Meyers Row,7130,85,0
282,282,599422,Kenneth,Manning,Kenneth Manning,Kennethm@gmail.com,2638 Jones Locks,4085,165,0
283,283,459374,Patricia,Coombe,Patricia Coombe,Patriciac@gmail.com,446 Barnes Shoal,2365,166,4
284,284,624141,Michael,Tongate,Michael Tongate,Michaelt@gmail.com,230 Allison Walks,6539,167,1
285,285,524835,Jerry,Styron,Jerry Styron,Jerrys@gmail.com,1957 Gina Garden Apt. 563,6545,168,7
286,286,783220,Jose,Dorko,Jose Dorko,Josed@gmail.com,900 Sabrina Viaduct Suite 726,5309,114,7
287,287,449818,David,Morgan,David Morgan,Davidm@gmail.com,2948 Jackson Extension,2339,34,1
288,288,145242,Mary,Brown,Mary Brown,Maryb@gmail.com,44728 David Rest Apt. 984,8800,56,2
289,289,211972,Jenny,Helman,Jenny Helman,Jennyh@gmail.com,69823 Alison Drive,5150,106,4
290,290,884530,Margaret,Dejesus,Margaret Dejesus,Margaretd@gmail.com,25649 Jonathan Island,5179,169,6
291,291,575553,William,Coleman,William Coleman,Williamc@gmail.com,575 Ariana Mall Apt. 057,2648,170,0
292,292,339162,Charles,Vaughan,Charles Vaughan,Charlesv@gmail.com,0167 Delgado Knolls,7796,171,3
293,293,122909,Annie,Crary,Annie Crary,Anniec@gmail.com,0286 Dorsey Burgs Suite 442,9451,101,2
294,294,9922,David,Hedrington,David Hedrington,Davidh@gmail.com,3149 Samantha Lodge,2493,50,8
295,295,551970,Gayle,Anderson,Gayle Anderson,Gaylea@gmail.com,50540 Gary Point Suite 590,3705,55,1
296,296,696330,Blair,Pilcher,Blair Pilcher,Blairp@gmail.com,916 Russell Hill,1062,40,4
297,297,301331,Philip,Gajate,Philip Gajate,Philipg@gmail.com,0454 Turner Fall Apt. 860,8714,172,3
298,298,997685,Willis,Nichols,Willis Nichols,Willisn@gmail.com,0193 Travis Flat Suite 564,6633,173,8
299,299,541017,Shanta,Marsh,Shanta Marsh,Shantam@gmail.com,40373 Mcdaniel Brooks,8723,61,2
300,300,881774,Francisca,Davis,Francisca Davis,Franciscad@gmail.com,0699 Tammy Curve,4828,174,1
301,301,690029,Rosa,Hood,Rosa Hood,Rosah@gmail.com,45677 Smith Stream,5296,3,2
302,302,366291,Robert,Palmese,Robert Palmese,Robertp@gmail.com,18024 Thomas Villages,2077,138,5
303,303,834669,Jacqueline,Dixon,Jacqueline Dixon,Jacquelined@gmail.com,1446 Nicole Spring Apt. 407,6539,175,0
304,304,934946,Ronnie,Schulte,Ronnie Schulte,Ronnies@gmail.com,05678 Peggy Crossroad Suite 121,4199,176,2
305,305,812992,Carmen,Freeman,Carmen Freeman,Carmenf@gmail.com,287 Lopez Fort,9539,164,3
306,306,743406,William,Williams,William Williams,Williamw@gmail.com,92879 Phelps Crescent Suite 730,8392,177,1
307,307,981811,George,Roberts,George Roberts,Georger@gmail.com,0301 Joseph Mission Apt. 095,9716,94,9
308,308,414392,Linda,Aris,Linda Aris,Lindaa@gmail.com,176 Beard Plain,6241,40,5
309,309,389492,Donald,Rodgers,Donald Rodgers,Donaldr@gmail.com,5683 Tamara Way,3215,175,9
310,310,905195,Eric,Zayas,Eric Zayas,Ericz@gmail.com,660 Caleb Bypass Suite 123,8631,178,9
311,311,156130,Henry,Mitchell,Henry Mitchell,Henrym@gmail.com,6895 Daniels Crossroad Suite 512,2547,71,3
312,312,152646,Jeffrey,Murray,Jeffrey Murray,Jeffreym@gmail.com,35188 Emily Dam,5640,41,5
313,313,504908,Kristy,Crigger,Kristy Crigger,Kristyc@gmail.com,85268 Gabriel Divide,1661,120,2
314,314,624672,Edgar,Echols,Edgar Echols,Edgare@gmail.com,54891 Brittany Keys Suite 122,6017,106,4
315,315,775794,Victor,Timmins,Victor Timmins,Victort@gmail.com,583 Watson Haven Apt. 410,5110,62,1
316,316,686586,Lorenzo,Moore,Lorenzo Moore,Lorenzom@gmail.com,05540 Michelle Summit Apt. 041,1302,84,3
317,317,54461,Michael,Rodriquez,Michael Rodriquez,Michaelr@gmail.com,742 Melanie Pine Suite 132,6198,179,1
318,318,792360,James,Norman,James Norman,Jamesn@gmail.com,8722 Penny Ranch Suite 271,4738,180,3
319,319,368904,Patricia,Lange,Patricia Lange,Patricial@gmail.com,52321 Wayne Motorway Suite 759,4770,181,6
320,320,877502,Emily,Darley,Emily Darley,Emilyd@gmail.com,0674 Todd View,4871,101,5
321,321,705994,Charles,Hohman,Charles Hohman,Charlesh@gmail.com,88935 Andrea Bypass Apt. 242,9592,6,3
322,322,755084,James,Jackson,James Jackson,Jamesj@gmail.com,4603 Curtis Dale,5737,114,5
323,323,925716,Marc,Ruffner,Marc Ruffner,Marcr@gmail.com,249 Diaz Lights,2002,106,2
324,324,670236,Sandra,Moore,Sandra Moore,Sandram@gmail.com,162 Michelle Glen,5002,167,8
325,325,833838,Kelly,Somogyi,Kelly Somogyi,Kellys@gmail.com,9899 Amber Run Apt. 333,9077,182,7
326,326,378050,Justin,Phair,Justin Phair,Justinp@gmail.com,101 Ward Walks Suite 173,2574,182,1
327,327,623970,Malcolm,Rodriguez,Malcolm Rodriguez,Malcolmr@gmail.com,670 Matthew Keys,9641,175,7
328,328,567305,Tammy,Ballou,Tammy Ballou,Tammyb@gmail.com,027 Horton Corners,6998,137,2
329,329,48540,Jason,Hodges,Jason Hodges,Jasonh@gmail.com,8286 Jessica Orchard,5699,58,0
330,330,91703,Kirsten,Pruitt,Kirsten Pruitt,Kirstenp@gmail.com,4707 Nichols Road Apt. 766,3340,73,5
331,331,783882,Frank,Ripley,Frank Ripley,Frankr@gmail.com,065 Amber Trail Apt. 240,5101,96,3
332,332,636882,Corey,Flipp,Corey Flipp,Coreyf@gmail.com,876 Michael Divide Suite 149,2090,129,8
333,333,783828,John,Roberts,John Roberts,Johnr@gmail.com,311 Michael Alley,7678,68,8
334,334,850536,Robert,Bland,Robert Bland,Robertb@gmail.com,854 Tanya Views,7053,183,3
335,335,370433,James,Hartman,James Hartman,Jamesh@gmail.com,5657 Raymond Mews,4663,31,3
336,336,446313,Shirley,Rosengren,Shirley Rosengren,Shirleyr@gmail.com,79664 Kurt Spurs,2069,184,2
337,337,446497,Colleen,Milar,Colleen Milar,Colleenm@gmail.com,743 Sean Village,3738,185,2
338,338,833866,Wayne,Oroark,Wayne Oroark,Wayneo@gmail.com,4356 James Fork,6081,12,1
339,339,466441,Robert,Riddle,Robert Riddle,Robertr@gmail.com,01401 Davis Valleys Suite 027,3134,149,1
340,340,655956,Robert,Willoughby,Robert Willoughby,Robertw@gmail.com,4990 West Way Suite 592,3886,186,8
341,341,501630,Moises,Factor,Moises Factor,Moisesf@gmail.com,53732 Stanley Squares Suite 897,3250,22,7
342,342,522741,Philip,Norment,Philip Norment,Philipn@gmail.com,555 Robin Prairie Suite 103,8210,162,8
343,343,724422,Christopher,Greeley,Christopher Greeley,Christopherg@gmail.com,1277 Clark Ville,7142,113,9
344,344,322760,Lisa,Perez,Lisa Perez,Lisap@gmail.com,9908 Melissa Roads Suite 690,8383,4,9
345,345,145891,Ruth,Kinsella,Ruth Kinsella,Ruthk@gmail.com,588 Adam Unions Suite 520,7710,187,0
346,346,283595,Matthew,Shoulta,Matthew Shoulta,Matthews@gmail.com,327 Karen Island,1898,188,3
347,347,674559,Kevin,Stahr,Kevin Stahr,Kevins@gmail.com,1993 Henry Trace Apt. 532,1906,83,8
348,348,922719,Fredrick,Groeneweg,Fredrick Groeneweg,Fredrickg@gmail.com,64883 John Ranch,3831,16,2
349,349,595475,Jody,King,Jody King,Jodyk@gmail.com,3358 Donna Lodge Suite 389,1425,106,8
350,350,176438,James,Kopple,James Kopple,Jamesk@gmail.com,8111 Jennifer Fall,5766,189,6
351,351,811784,Sylvia,Brown,Sylvia Brown,Sylviab@gmail.com,990 Foster Island Apt. 174,7456,163,1
352,352,867786,Edward,Mitchell,Edward Mitchell,Edwardm@gmail.com,915 Briana Lake Suite 956,8743,51,1
353,353,575084,James,Worrell,James Worrell,Jamesw@gmail.com,98993 Clayton Street,4057,190,5
354,354,219618,Anna,Nazario,Anna Nazario,Annan@gmail.com,83536 Samantha Ports,9207,102,0
355,355,429728,Charles,Narain,Charles Narain,Charlesn@gmail.com,137 Bruce Mount Suite 928,1871,47,8
356,356,814467,Tanya,Barnoski,Tanya Barnoski,Tanyab@gmail.com,4413 Rocha Way Suite 154,4954,191,4
357,357,94813,James,Meredith,James Meredith,Jamesm@gmail.com,564 John Cliffs,9552,96,1
358,358,147775,Charles,Duff,Charles Duff,Charlesd@gmail.com,0406 Washington Fall,8361,131,2
359,359,970032,Xavier,Mccarty,Xavier Mccarty,Xavierm@gmail.com,7061 John Oval,6478,32,5
360,360,840649,Timothy,Simpson,Timothy Simpson,Timothys@gmail.com,916 Brendan Crest Suite 476,4504,7,7
361,361,218180,Margo,Nolan,Margo Nolan,Margon@gmail.com,98878 Sheila Terrace,4187,125,7
362,362,88892,Cheryl,Austin,Cheryl Austin,Cheryla@gmail.com,3379 Hopkins Way,6455,78,8
363,363,238754,Richard,Huber,Richard Huber,Richardh@gmail.com,5077 Garcia Roads Apt. 729,9307,123,4
364,364,575938,Marvin,Johns,Marvin Johns,Marvinj@gmail.com,914 Lopez Crescent Suite 261,9010,129,4
365,365,350374,Nicholas,Macdonald,Nicholas Macdonald,Nicholasm@gmail.com,80042 Morton Forks,5294,103,6
366,366,690094,John,Barnard,John Barnard,Johnb@gmail.com,18093 Katie Groves,7466,121,1
367,367,786520,Eleanor,Thompson,Eleanor Thompson,Eleanort@gmail.com,3759 Hines Mews,3595,137,4
368,368,217704,Lourdes,Williams,Lourdes Williams,Lourdesw@gmail.com,4905 Phillips Hills Suite 657,7958,17,9
369,369,319711,Frank,Matheson,Frank Matheson,Frankm@gmail.com,6346 Joseph Port Suite 830,7938,158,1
370,370,369979,Jeff,Bueckers,Jeff Bueckers,Jeffb@gmail.com,831 Anthony Camp,8425,177,6
371,371,606503,Jon,Brinkley,Jon Brinkley,Jonb@gmail.com,4909 Maria Villages,9290,172,1
372,372,488169,Rosa,Mcmillan,Rosa Mcmillan,Rosam@gmail.com,53988 Andrew Wells,3105,8,4
373,373,377818,Leola,Maxwell,Leola Maxwell,Leolam@gmail.com,4317 Jesus Glens Suite 025,6346,181,3
374,374,930243,Robert,Bishop,Robert Bishop,Robertb@gmail.com,49220 Hampton Spurs,7031,122,3
375,375,58738,Paula,Chamberlain,Paula Chamberlain,Paulac@gmail.com,7501 Brown Streets,1803,192,2
376,376,600243,Sharon,Raczka,Sharon Raczka,Sharonr@gmail.com,905 Hall Ports Apt. 560,4523,2,3
377,377,805970,Joann,Lamb,Joann Lamb,Joannl@gmail.com,76308 Jennifer Orchard,6550,129,7
378,378,308807,Daniel,Richardson,Daniel Richardson,Danielr@gmail.com,96006 Kimberly Roads Suite 154,8554,44,8
379,379,422943,Shelly,Schwartz,Shelly Schwartz,Shellys@gmail.com,2914 Vargas Ridge Suite 347,8062,112,6
380,380,367587,Bill,Bracken,Bill Bracken,Billb@gmail.com,44564 Travis Parks,2027,99,0
381,381,704755,Ricky,Folsom,Ricky Folsom,Rickyf@gmail.com,78383 Dale Overpass,8259,186,1
382,382,445390,Kevin,Robinson,Kevin Robinson,Kevinr@gmail.com,891 Moore Wall Suite 940,6437,193,9
383,383,518837,Judith,Holbrook,Judith Holbrook,Judithh@gmail.com,9170 Warren Center Suite 894,6033,83,8
384,384,474905,Daniel,Foulkes,Daniel Foulkes,Danielf@gmail.com,330 Carmen Fields Suite 643,4593,79,0
385,385,265878,Jeffery,Carey,Jeffery Carey,Jefferyc@gmail.com,378 Jeffrey Street Suite 110,1430,5,7
386,386,781764,Rene,Pelc,Rene Pelc,Renep@gmail.com,2441 Price Causeway Suite 391,9798,189,4
387,387,835793,Micheal,Higgins,Micheal Higgins,Michealh@gmail.com,843 Blankenship Isle,8493,28,7
388,388,149268,Kyle,Mathis,Kyle Mathis,Kylem@gmail.com,46753 Jimenez Mountain,9888,55,8
389,389,655155,Delores,Diaz,Delores Diaz,Deloresd@gmail.com,87114 Spencer Avenue Apt. 308,9063,149,0
390,390,41520,Antonio,Lee,Antonio Lee,Antoniol@gmail.com,199 Barber Throughway Apt. 404,7359,189,7
391,391,531449,Lisa,Brown,Lisa Brown,Lisab@gmail.com,16258 Spencer Lights,5831,194,9
392,392,440010,Debra,Curtis,Debra Curtis,Debrac@gmail.com,26008 Melanie Parks,7733,20,9
393,393,666905,Jeffrey,Myers,Jeffrey Myers,Jeffreym@gmail.com,7640 Johnson Knoll Apt. 485,1791,73,8
394,394,833282,Robert,Molnar,Robert Molnar,Robertm@gmail.com,486 Dominique Oval,2935,63,8
395,395,915990,Luke,Shirley,Luke Shirley,Lukes@gmail.com,448 Atkins Drives,2118,165,8
396,396,389863,Miguel,Pies,Miguel Pies,Miguelp@gmail.com,184 Vicki Haven Apt. 947,8654,133,2
397,397,157428,Joseph,Campos,Joseph Campos,Josephc@gmail.com,5284 Crawford Orchard,7639,113,0
398,398,239755,James,Stevens,James Stevens,Jamess@gmail.com,6927 Turner Gardens Suite 149,3143,126,3
399,399,914741,Josefina,Johnson,Josefina Johnson,Josefinaj@gmail.com,38604 Kevin Ville Suite 605,1422,29,3
400,400,401501,Jennifer,Jones,Jennifer Jones,Jenniferj@gmail.com,91653 Daniel Lights,3645,195,5
401,401,638980,Bonnie,Ferrufino,Bonnie Ferrufino,Bonnief@gmail.com,87568 Lewis Drives Suite 720,8282,179,7
402,402,862245,Nelson,Gonzalez,Nelson Gonzalez,Nelsong@gmail.com,529 Schneider Shoals,7246,12,2
403,403,464997,Joe,Maia,Joe Maia,Joem@gmail.com,63879 Katrina Loaf Suite 882,6550,84,2
404,404,818373,Edward,Eades,Edward Eades,Edwarde@gmail.com,8414 Neal Avenue,3422,196,6
405,405,753998,Michael,Mullings,Michael Mullings,Michaelm@gmail.com,7946 Hughes Avenue Suite 460,9910,152,4
406,406,590658,Migdalia,Jenkins,Migdalia Jenkins,Migdaliaj@gmail.com,96180 James Forges Apt. 158,3784,161,4
407,407,724352,Craig,Silverman,Craig Silverman,Craigs@gmail.com,7657 Bryan Forest Suite 705,2004,172,4
408,408,13257,Emmett,Blankenship,Emmett Blankenship,Emmettb@gmail.com,674 Linda Manor,9528,15,3
409,409,242305,Vickie,Mckenzie,Vickie Mckenzie,Vickiem@gmail.com,700 Miller Ridges Suite 169,1472,141,2
410,410,47880,Amanda,Thompson,Amanda Thompson,Amandat@gmail.com,2549 James Stravenue Suite 079,1885,193,1
411,411,440815,Denise,Mayberry,Denise Mayberry,Denisem@gmail.com,05561 Knox Extension,3267,148,2
412,412,701570,Stephen,Huber,Stephen Huber,Stephenh@gmail.com,96389 Jon Crossroad Suite 145,3937,187,5
413,413,955006,Velma,Tucker,Velma Tucker,Velmat@gmail.com,0495 Johnson Views,3067,80,4
414,414,574931,Leo,Gallagher,Leo Gallagher,Leog@gmail.com,17112 Hart Bypass Apt. 132,7921,31,8
415,415,280047,Matthew,Pitcher,Matthew Pitcher,Matthewp@gmail.com,491 Harris Track,7692,197,9
416,416,20781,Katherine,Mayberry,Katherine Mayberry,Katherinem@gmail.com,5627 Daniel Ford,3639,108,6
417,417,795778,Ryan,Bonson,Ryan Bonson,Ryanb@gmail.com,85353 Adams Way,5029,186,5
418,418,513068,Wilma,Shackley,Wilma Shackley,Wilmas@gmail.com,877 Ward Inlet,4818,116,1
419,419,142474,John,Stewart,John Stewart,Johns@gmail.com,36715 Prince Junctions Suite 441,5309,187,5
420,420,517875,Thelma,Lobe,Thelma Lobe,Thelmal@gmail.com,90879 Jeffery Dale Suite 619,9901,64,8
421,421,959461,William,Brinkley,William Brinkley,Williamb@gmail.com,29283 Gonzalez Villages Apt. 621,5845,195,6
422,422,178082,Diane,Gries,Diane Gries,Dianeg@gmail.com,39628 Garcia Ports Suite 689,8726,15,6
423,423,501612,Gloria,Klein,Gloria Klein,Gloriak@gmail.com,821 Boyer Highway,9686,65,3
424,424,463076,Horace,Blackburn,Horace Blackburn,Horaceb@gmail.com,38969 Kevin Square,9267,174,5
425,425,533232,Kathleen,Canterbury,Kathleen Canterbury,Kathleenc@gmail.com,751 Kevin Prairie Apt. 926,8578,111,6
426,426,307360,Irene,Ellis,Irene Ellis,Irenee@gmail.com,46154 Williams Circles Suite 512,8115,190,2
427,427,364856,Stephen,Jackson,Stephen Jackson,Stephenj@gmail.com,15895 Herman Inlet,2294,111,6
428,428,276736,Karen,Roper,Karen Roper,Karenr@gmail.com,49124 Hunt Meadows Apt. 033,7537,54,4
429,429,800567,Maria,Redenius,Maria Redenius,Mariar@gmail.com,343 Stewart Isle,3725,38,0
430,430,689473,Vinnie,Morreale,Vinnie Morreale,Vinniem@gmail.com,0954 Joe Mount Apt. 342,7646,8,8
431,431,692041,Rosario,Seaver,Rosario Seaver,Rosarios@gmail.com,355 Murphy Mountain Suite 668,4494,66,2
432,432,260048,Heather,Velazquez,Heather Velazquez,Heatherv@gmail.com,04509 Franco Ridge Apt. 497,3216,198,5
433,433,967760,Alvin,Smith,Alvin Smith,Alvins@gmail.com,8793 Michael Overpass Suite 266,2566,199,2
434,434,110650,Opal,Rutledge,Opal Rutledge,Opalr@gmail.com,65767 Johnson Courts Suite 370,3921,189,6
435,435,707601,Eugenio,Bilger,Eugenio Bilger,Eugeniob@gmail.com,4778 Obrien Courts Suite 227,5782,190,5
436,436,540683,Lucy,Nabb,Lucy Nabb,Lucyn@gmail.com,9451 Douglas Square,1581,38,9
437,437,125701,Timothy,Watkins,Timothy Watkins,Timothyw@gmail.com,454 Nelson Meadows Apt. 169,1185,43,8
438,438,38970,Jennie,Small,Jennie Small,Jennies@gmail.com,60550 Boyer Landing Apt. 362,2699,200,6
439,439,654701,Elizabeth,Hairston,Elizabeth Hairston,Elizabethh@gmail.com,26857 Brown Villages Suite 962,6004,185,1
440,440,15885,Eric,Hubler,Eric Hubler,Erich@gmail.com,391 Gonzalez Stream Suite 894,8218,201,6
441,441,416872,Donald,Picciano,Donald Picciano,Donaldp@gmail.com,95802 Samantha Circles Apt. 201,3907,62,4
442,442,542378,Ryan,Cook,Ryan Cook,Ryanc@gmail.com,881 Donna Forest,4295,202,1
443,443,602457,Steven,Francis,Steven Francis,Stevenf@gmail.com,40814 Karen Street,2363,47,8
444,444,605262,Patricia,Barajas,Patricia Barajas,Patriciab@gmail.com,885 Olson Flat Apt. 609,6033,5,8
445,445,348963,Scott,Taylor,Scott Taylor,Scottt@gmail.com,466 Michelle Keys,6326,203,0
446,446,218781,Mark,Warner,Mark Warner,Markw@gmail.com,20165 Russell Flats Suite 837,4890,101,1
447,447,181875,Gary,Kiser,Gary Kiser,Garyk@gmail.com,3138 Sherman Shore Suite 518,3105,135,7
448,448,239156,Bradley,Brock,Bradley Brock,Bradleyb@gmail.com,08546 Melvin Oval,4817,86,5
449,449,861320,Michael,Guptill,Michael Guptill,Michaelg@gmail.com,0602 Powers Rapids Apt. 619,9292,60,9
450,450,70040,Roger,Washington,Roger Washington,Rogerw@gmail.com,5401 Jacqueline Court,4463,116,5
451,451,116723,Tammy,Wood,Tammy Wood,Tammyw@gmail.com,62349 Obrien Shoal,8364,204,4
452,452,81000,Cynthia,Barnes,Cynthia Barnes,Cynthiab@gmail.com,1465 Whitaker Mountain,2865,62,2
453,453,941209,Mary,Stephens,Mary Stephens,Marys@gmail.com,84744 Nicole Port Suite 963,5700,76,5
454,454,588352,Eric,Hollowell,Eric Hollowell,Erich@gmail.com,8864 Michael Keys,6171,73,1
455,455,410674,Jeremy,Harkless,Jeremy Harkless,Jeremyh@gmail.com,0300 Kim Wall,4829,83,6
456,456,941556,Joe,Houston,Joe Houston,Joeh@gmail.com,0151 George Gardens Suite 790,6935,203,1
457,457,814966,Denise,Mcgill,Denise Mcgill,Denisem@gmail.com,6735 Alex Roads,5061,195,4
458,458,562373,Helen,Johnson,Helen Johnson,Helenj@gmail.com,9602 Scott Isle,3979,205,0
459,459,731670,Dorothy,Garvey,Dorothy Garvey,Dorothyg@gmail.com,472 Dwayne Village Suite 866,1855,157,8
460,460,686925,Stacey,Macquarrie,Stacey Macquarrie,Staceym@gmail.com,7572 Myers Hollow,9761,35,7
461,461,148627,Stephen,Brown,Stephen Brown,Stephenb@gmail.com,8796 Rios Knoll,7911,127,8
462,462,481626,Elsie,Johnson,Elsie Johnson,Elsiej@gmail.com,9768 Walters Tunnel Apt. 945,6658,6,6
463,463,720474,Ella,Lindholm,Ella Lindholm,Ellal@gmail.com,03335 Carter Crossroad,2948,144,0
464,464,241864,Maria,Sherman,Maria Sherman,Marias@gmail.com,0712 Fox Mall,1117,206,8
465,465,380380,Rosa,Jasso,Rosa Jasso,Rosaj@gmail.com,7810 Jamie Mount Apt. 936,9550,129,2
466,466,194229,Edward,Arterberry,Edward Arterberry,Edwarda@gmail.com,89511 Cuevas Mill Apt. 100,2318,34,1
467,467,542933,Judith,Middleton,Judith Middleton,Judithm@gmail.com,7999 Nash Vista Apt. 167,4337,36,9
468,468,682292,Felisha,Reece,Felisha Reece,Felishar@gmail.com,476 Molina Throughway,5209,32,4
469,469,972689,Amy,Hendricks,Amy Hendricks,Amyh@gmail.com,0655 Wood Field,1458,136,6
470,470,715049,Ann,Rector,Ann Rector,Annr@gmail.com,93017 Watson Rapid,3473,178,3
471,471,99356,George,Smith,George Smith,Georges@gmail.com,5706 Hayes Cove Apt. 860,7884,140,3
472,472,209393,Vera,Taylor,Vera Taylor,Verat@gmail.com,481 Erickson View,5215,196,5
473,473,801116,Minnie,Peck,Minnie Peck,Minniep@gmail.com,918 Erin Loop,8108,177,6
474,474,27182,Paul,Hansen,Paul Hansen,Paulh@gmail.com,136 Murphy Square,9578,118,6
475,475,466739,Margaret,Reding,Margaret Reding,Margaretr@gmail.com,765 Heather Divide,9281,207,3
476,476,982515,Nila,Mcfarland,Nila Mcfarland,Nilam@gmail.com,03335 Samantha Knoll,9629,208,3
477,477,977955,Albert,Doughty,Albert Doughty,Albertd@gmail.com,996 Thomas Ranch Suite 274,6232,209,2
478,478,813279,Dawn,Kinsinger,Dawn Kinsinger,Dawnk@gmail.com,87271 Deborah Route,1918,199,4
479,479,863170,Linda,Sequeira,Linda Sequeira,Lindas@gmail.com,743 Seth Heights,9529,33,4
480,480,868055,David,Harris,David Harris,Davidh@gmail.com,349 Smith Extensions Apt. 779,9675,3,1
481,481,23729,Robert,Smallidge,Robert Smallidge,Roberts@gmail.com,3192 Cox Fall Suite 221,9850,98,9
482,482,994146,Jettie,Bryce,Jettie Bryce,Jettieb@gmail.com,6558 Amy Throughway Suite 382,8311,123,4
483,483,407739,Sean,Walker,Sean Walker,Seanw@gmail.com,00257 Michelle Curve,1499,68,3
484,484,333366,Lawrence,Smalls,Lawrence Smalls,Lawrences@gmail.com,75140 Hernandez Loop,9755,136,4
485,485,397084,Donna,Hitchcock,Donna Hitchcock,Donnah@gmail.com,3147 Hall Divide Suite 962,5292,118,9
486,486,126358,Susan,Hunter,Susan Hunter,Susanh@gmail.com,903 Gonzalez Shore,1074,141,1
487,487,852735,Ann,Warrington,Ann Warrington,Annw@gmail.com,0126 Rachel Dale,5116,16,6
488,488,890935,Alfreda,Taylor,Alfreda Taylor,Alfredat@gmail.com,0735 Bowers Canyon,2038,163,3
489,489,153049,Ruth,Davis,Ruth Davis,Ruthd@gmail.com,42204 Collier Fork Suite 401,1535,210,1
490,490,299684,Earl,Manz,Earl Manz,Earlm@gmail.com,1961 Smith Lodge,8405,15,1
491,491,302154,Robert,Fry,Robert Fry,Robertf@gmail.com,415 Oscar Wells,7010,71,0
492,492,423069,Brenda,Wickings,Brenda Wickings,Brendaw@gmail.com,6970 Scott Wall,4950,116,2
493,493,417362,Juan,Barrett,Juan Barrett,Juanb@gmail.com,19488 Jake Square Suite 659,8338,84,6
494,494,355903,Vincent,Ybarra,Vincent Ybarra,Vincenty@gmail.com,05029 Weaver Valleys Suite 897,5637,35,4
495,495,744996,Theodore,Blake,Theodore Blake,Theodoreb@gmail.com,45696 Megan Harbor,3222,164,7
496,496,556371,Jeffrey,Farrell,Jeffrey Farrell,Jeffreyf@gmail.com,443 Kathryn Ports,2840,144,7
497,497,814322,Lisa,Hoskin,Lisa Hoskin,Lisah@gmail.com,445 Collins Parks Apt. 020,8459,73,0
498,498,564227,Shirley,Carey,Shirley Carey,Shirleyc@gmail.com,771 Mendoza Shoals,6156,107,5
499,499,920331,Anthony,Nejaime,Anthony Nejaime,Anthonyn@gmail.com,376 Wayne Rest,5077,30,1
500,500,908554,Donna,Kadi,Donna Kadi,Donnak@gmail.com,7433 Blair Cliff,3279,85,0
501,501,562664,Robert,Ayala,Robert Ayala,Roberta@gmail.com,140 Steven Rapids Suite 019,8383,143,3
502,502,52953,Jamie,Sheridan,Jamie Sheridan,Jamies@gmail.com,2179 Matthew Squares Apt. 422,6324,108,9
503,503,973920,Lesley,Westbrook,Lesley Westbrook,Lesleyw@gmail.com,94742 Hayes Shoals Suite 313,9381,80,3
504,504,480562,Lance,Mcgowan,Lance Mcgowan,Lancem@gmail.com,93622 Morales Camp Suite 517,4189,108,6
505,505,434020,Richard,Dees,Richard Dees,Richardd@gmail.com,7818 Randy Cliff,6015,143,6
506,506,442902,Rita,Pace,Rita Pace,Ritap@gmail.com,023 John Stravenue Apt. 715,1162,168,6
507,507,194551,Matthew,Tucker,Matthew Tucker,Matthewt@gmail.com,5650 Andrews Plain Suite 512,1588,53,2
508,508,298661,Jennifer,Inverso,Jennifer Inverso,Jenniferi@gmail.com,94739 Allison Run Suite 236,9390,185,1
509,509,932343,Nora,Greenwood,Nora Greenwood,Norag@gmail.com,1380 Patricia Ways,7296,114,7
510,510,91382,Beulah,Robinson,Beulah Robinson,Beulahr@gmail.com,45823 Gomez Throughway,5689,180,3
511,511,930881,Linda,Boutin,Linda Boutin,Lindab@gmail.com,0864 Steven Well Apt. 935,7336,211,7
512,512,758968,Alice,Potter,Alice Potter,Alicep@gmail.com,24616 Sherri Trafficway Apt. 702,8559,212,6
513,513,837861,Jana,Oreilly,Jana Oreilly,Janao@gmail.com,7896 Lopez Shoals Apt. 081,4636,195,3
514,514,154236,Burl,Dean,Burl Dean,Burld@gmail.com,4431 David Hollow Apt. 730,7304,76,9
515,515,67443,Claude,Richardson,Claude Richardson,Clauder@gmail.com,75930 Walker Club,5399,203,9
516,516,180596,Sonja,Briggs,Sonja Briggs,Sonjab@gmail.com,388 Stone Court Suite 082,9553,213,3
517,517,794741,Angela,Pillsbury,Angela Pillsbury,Angelap@gmail.com,5243 Bell Junction,9937,211,2
518,518,585992,Sarah,Jackson,Sarah Jackson,Sarahj@gmail.com,306 Sarah View Apt. 079,9645,210,6
519,519,278483,Leisa,Flores,Leisa Flores,Leisaf@gmail.com,879 Petersen Road,7020,8,6
520,520,706755,Kathryn,Prince,Kathryn Prince,Kathrynp@gmail.com,762 Carla Glens,1684,163,4
521,521,954762,Paul,Dewitt,Paul Dewitt,Pauld@gmail.com,7272 Anthony Circle,3977,169,6
522,522,435523,Maida,Hardy,Maida Hardy,Maidah@gmail.com,145 Carroll Mall Apt. 635,6759,126,1
523,523,296306,Loretta,Kellogg,Loretta Kellogg,Lorettak@gmail.com,772 Lin Port Apt. 566,2559,159,3
524,524,708831,Hallie,Ridenour,Hallie Ridenour,Hallier@gmail.com,61153 Smith Mall Suite 654,1498,36,0
525,525,458599,Richard,Baiz,Richard Baiz,Richardb@gmail.com,1081 James Spur,5122,214,6
526,526,60268,Nicole,Respress,Nicole Respress,Nicoler@gmail.com,93528 Christina Burgs Apt. 524,7139,131,5
527,527,678268,Linda,Bowe,Linda Bowe,Lindab@gmail.com,38263 Brown Loaf Apt. 525,8659,179,1
528,528,741275,Kristin,Cruz,Kristin Cruz,Kristinc@gmail.com,0767 Elizabeth Plains,8496,19,1
529,529,4457,Shirley,Bass,Shirley Bass,Shirleyb@gmail.com,326 Beck Isle Apt. 639,8401,42,1
530,530,662664,Jimmy,Bailey,Jimmy Bailey,Jimmyb@gmail.com,4388 Donna Rest Suite 578,5289,169,9
531,531,476986,Shirley,Noah,Shirley Noah,Shirleyn@gmail.com,493 Erik Pass Suite 780,2480,57,0
532,532,953727,James,Walker,James Walker,Jamesw@gmail.com,184 Beasley Park Suite 114,5703,156,3
533,533,499100,Mary,Lawyer,Mary Lawyer,Maryl@gmail.com,948 Owens Fields,2259,86,0
534,534,849554,Michael,Antrikin,Michael Antrikin,Michaela@gmail.com,248 Smith Manor Apt. 582,5787,148,6
535,535,40947,Mark,White,Mark White,Markw@gmail.com,44210 Fry River,9572,215,1
536,536,321193,Miguel,Walker,Miguel Walker,Miguelw@gmail.com,03511 Adams Mill Apt. 944,1070,20,1
537,537,233509,Roy,Wallace,Roy Wallace,Royw@gmail.com,4861 Brown Place,2510,216,5
538,538,248818,James,Gilpin,James Gilpin,Jamesg@gmail.com,86233 Hill Skyway Suite 243,7014,205,9
539,539,225748,Beulah,Kuttner,Beulah Kuttner,Beulahk@gmail.com,515 Holloway Path,7872,217,4
540,540,535019,Robert,Osborn,Robert Osborn,Roberto@gmail.com,202 Burch Springs Apt. 027,2730,75,1
541,541,464413,Valerie,Hancock,Valerie Hancock,Valerieh@gmail.com,612 Lewis Village Suite 317,5078,121,4
542,542,802036,Erin,Friedman,Erin Friedman,Erinf@gmail.com,276 Johnston Gardens,9234,147,4
543,543,627957,Cindy,Dixson,Cindy Dixson,Cindyd@gmail.com,5931 Fox Lake,1110,218,6
544,544,412836,William,Kelly,William Kelly,Williamk@gmail.com,195 Stanley Fields,2645,190,9
545,545,253115,Wanda,Reyes,Wanda Reyes,Wandar@gmail.com,69495 Fleming Valley Suite 497,3385,122,6
546,546,852382,Carolyn,Dalton,Carolyn Dalton,Carolynd@gmail.com,232 Kelly Pass,9655,219,1
547,547,778332,Tracey,Tucker,Tracey Tucker,Traceyt@gmail.com,85232 Edwin Plain Suite 378,1220,187,2
548,548,299121,Timothy,Sanders,Timothy Sanders,Timothys@gmail.com,69894 Miranda Spring,4661,130,2
549,549,166885,Glenda,Leffew,Glenda Leffew,Glendal@gmail.com,8827 Amy Inlet Apt. 257,6627,107,2
550,550,618361,Alissa,Alberto,Alissa Alberto,Alissaa@gmail.com,2142 King Parkways,7835,35,6
551,551,369746,Beatrice,Naill,Beatrice Naill,Beatricen@gmail.com,61831 Keith Wall,6738,69,9
552,552,747580,Lela,Clark,Lela Clark,Lelac@gmail.com,65033 Joan Loop Suite 926,8598,50,0
553,553,406835,Hope,White,Hope White,Hopew@gmail.com,072 Young Radial,4324,11,1
554,554,777987,Doris,Chisum,Doris Chisum,Dorisc@gmail.com,8187 Johnson Greens,9480,201,9
555,555,606910,Paula,Ng,Paula Ng,Paulan@gmail.com,972 Jody Islands,2449,23,8
556,556,157831,Steven,Grubb,Steven Grubb,Steveng@gmail.com,5645 Seth Locks,7732,89,1
557,557,224090,Stephen,Buchanan,Stephen Buchanan,Stephenb@gmail.com,764 Joshua Meadows Suite 772,2440,220,9
558,558,612235,James,Richardson,James Richardson,Jamesr@gmail.com,152 Melendez Loop,2506,115,6
559,559,804064,Ellis,Bennett,Ellis Bennett,Ellisb@gmail.com,278 Kevin Throughway Suite 117,5585,156,1
560,560,165264,Stephanie,Lee,Stephanie Lee,Stephaniel@gmail.com,96962 Floyd Viaduct Suite 046,8971,221,1
561,561,519264,Juan,Thompson,Juan Thompson,Juant@gmail.com,153 Matthew Park,8372,179,2
562,562,865401,Jonathan,Bowers,Jonathan Bowers,Jonathanb@gmail.com,6249 Kristen Parks,5882,115,6
563,563,362227,Johnnie,Grace,Johnnie Grace,Johnnieg@gmail.com,822 Brittany Mount,4325,43,1
564,564,829901,Lana,Lipham,Lana Lipham,Lanal@gmail.com,8333 Kelly Court Suite 380,4637,189,4
565,565,880780,William,Moser,William Moser,Williamm@gmail.com,868 Morris Corner Suite 314,4703,222,9
566,566,870184,Freda,Givens,Freda Givens,Fredag@gmail.com,932 Lisa Estates Suite 977,3196,160,5
567,567,958802,Abram,Stockstill,Abram Stockstill,Abrams@gmail.com,459 Monique Mount Suite 465,7908,138,5
568,568,883524,Daniel,Evans,Daniel Evans,Daniele@gmail.com,039 Crawford Drive,8087,140,5
569,569,15731,Brenda,Deville,Brenda Deville,Brendad@gmail.com,705 Cox Bypass Suite 460,2657,50,5
570,570,207573,Carolyn,Lee,Carolyn Lee,Carolynl@gmail.com,12456 Jessica Prairie Apt. 186,8926,154,7
571,571,18084,James,Keenan,James Keenan,Jamesk@gmail.com,0636 Villegas Lodge Suite 634,8866,167,4
572,572,239930,Jesse,Lovely,Jesse Lovely,Jessel@gmail.com,66254 Petersen Harbor Apt. 578,4556,175,0
573,573,724251,Catherine,Sacco,Catherine Sacco,Catherines@gmail.com,4203 Ortega Centers Apt. 571,7221,104,0
574,574,108008,Kenneth,Banks,Kenneth Banks,Kennethb@gmail.com,89200 Andrew Forest,1021,158,8
575,575,816380,Mark,Miller,Mark Miller,Markm@gmail.com,380 Megan Fort Suite 931,5353,160,7
576,576,796593,Michael,Lawver,Michael Lawver,Michaell@gmail.com,862 James Meadow,6084,208,3
577,577,220285,Earl,Thornton,Earl Thornton,Earlt@gmail.com,4496 Michael Ports,9829,206,0
578,578,625360,Terry,Hash,Terry Hash,Terryh@gmail.com,5684 Beck Run,8315,44,4
579,579,413502,Pamela,Ladner,Pamela Ladner,Pamelal@gmail.com,19675 Hawkins Club,4126,203,7
580,580,744415,Richard,Cohen,Richard Cohen,Richardc@gmail.com,4392 Ashley Isle,9815,187,2
581,581,205501,Jimmie,Giles,Jimmie Giles,Jimmieg@gmail.com,86652 Carrillo Burg,1879,78,9
582,582,762682,Linda,Medlin,Linda Medlin,Lindam@gmail.com,1137 Smith Spring Suite 923,4380,125,7
583,583,325467,Emily,Hodson,Emily Hodson,Emilyh@gmail.com,19413 Gates Center Suite 414,1398,120,6
584,584,628414,Robert,Wood,Robert Wood,Robertw@gmail.com,36652 Snow Meadows,6833,92,6
585,585,765040,Tammy,Bradley,Tammy Bradley,Tammyb@gmail.com,101 Adams Shoals,8028,128,2
586,586,796095,Jenny,Wagoner,Jenny Wagoner,Jennyw@gmail.com,218 Wesley Mews Suite 465,6755,192,2
587,587,473799,Jesse,Mcgee,Jesse Mcgee,Jessem@gmail.com,633 Kathryn Stream Suite 564,4968,29,8
588,588,154764,John,Forrester,John Forrester,Johnf@gmail.com,992 Jason Hollow,8026,155,8
589,589,899451,Eddie,Zehr,Eddie Zehr,Eddiez@gmail.com,71792 Price Stravenue,4254,11,5
590,590,303664,Laurie,Zeller,Laurie Zeller,Lauriez@gmail.com,033 Fox Rapids Apt. 205,1865,157,0
591,591,918362,Michael,Rudnick,Michael Rudnick,Michaelr@gmail.com,64765 Pena Flats,5669,138,1
592,592,662527,Debra,Thomas,Debra Thomas,Debrat@gmail.com,574 Foster Crossroad Apt. 369,8167,156,1
593,593,361951,Michael,Crampton,Michael Crampton,Michaelc@gmail.com,35443 Brown Course Apt. 173,4451,129,4
594,594,283810,Camille,Yerkes,Camille Yerkes,Camilley@gmail.com,11567 Bean Port,5674,174,6
595,595,136437,Ana,Rustrian,Ana Rustrian,Anar@gmail.com,02160 Robin Wall Apt. 047,7989,177,0
596,596,216238,Arron,Patterson,Arron Patterson,Arronp@gmail.com,629 Trevor Mall,5182,75,1
597,597,443758,Marion,Gross,Marion Gross,Mariong@gmail.com,86649 Wendy Spur,2063,194,0
598,598,950581,Robin,Guidice,Robin Guidice,Robing@gmail.com,91422 Steven Row Suite 084,4406,171,9
599,599,260098,Christine,Campbell,Christine Campbell,Christinec@gmail.com,7298 Jodi Ways,7350,61,3
600,600,778944,Rebecca,Reaves,Rebecca Reaves,Rebeccar@gmail.com,90600 Heather Shore Suite 013,2350,83,0
601,601,184584,Jeri,Wallace,Jeri Wallace,Jeriw@gmail.com,283 Mcintosh Field Suite 867,7926,133,9
602,602,359492,Sara,Normand,Sara Normand,Saran@gmail.com,18880 Peters Wall,8656,114,9
603,603,546287,Daniel,Williams,Daniel Williams,Danielw@gmail.com,21329 Michael Wall Apt. 625,2271,223,7
604,604,889029,David,Wearing,David Wearing,Davidw@gmail.com,889 Brett Manors Apt. 815,6066,124,5
605,605,636005,Leticia,Landes,Leticia Landes,Leticial@gmail.com,28484 Wilson Glens Apt. 127,1901,37,3
606,606,343800,Ana,Andrews,Ana Andrews,Anaa@gmail.com,488 Camacho Lights,6362,224,1
607,607,663319,Zachary,Mills,Zachary Mills,Zacharym@gmail.com,8846 Jacob Ville Suite 873,6694,195,5
608,608,97060,Carmen,Beamer,Carmen Beamer,Carmenb@gmail.com,4292 Shaffer Glen Suite 352,3086,120,9
609,609,360746,Sally,Mckinney,Sally Mckinney,Sallym@gmail.com,706 Ross Oval Apt. 457,3291,21,7
610,610,482545,Annie,Davila,Annie Davila,Annied@gmail.com,0387 Willie Cove Suite 100,5227,202,1
611,611,5542,Robert,Hessler,Robert Hessler,Roberth@gmail.com,4819 Arias Skyway,2421,40,2
612,612,63663,Santo,Thomas,Santo Thomas,Santot@gmail.com,568 Michael Stream Apt. 755,1117,124,2
613,613,287443,Santos,Demars,Santos Demars,Santosd@gmail.com,4836 Jennifer Plaza Apt. 403,2496,5,0
614,614,487641,Roseanna,Lang,Roseanna Lang,Roseannal@gmail.com,05564 Henry Avenue Suite 346,9835,54,1
615,615,626690,Ida,Ashworth,Ida Ashworth,Idaa@gmail.com,4894 Martinez Throughway,8451,48,0
616,616,887381,Thomas,Richardson,Thomas Richardson,Thomasr@gmail.com,913 Shannon Ways Apt. 348,7567,201,8
617,617,145356,Vernon,Fruman,Vernon Fruman,Vernonf@gmail.com,374 Ethan Mission,9978,67,3
618,618,816533,Sarah,Moses,Sarah Moses,Sarahm@gmail.com,074 Richard Ports,8624,66,7
619,619,828581,Hans,Brandon,Hans Brandon,Hansb@gmail.com,2491 Chris Loaf,2044,26,1
620,620,541781,Roy,Barbera,Roy Barbera,Royb@gmail.com,798 Hess Drive,3761,27,4
621,621,660535,Douglas,Castro,Douglas Castro,Douglasc@gmail.com,50619 Hess Roads Suite 230,3236,212,8
622,622,542982,Thaddeus,Laverdiere,Thaddeus Laverdiere,Thaddeusl@gmail.com,783 Shannon Island Apt. 100,2444,168,6
623,623,196129,Ginette,Kehoe,Ginette Kehoe,Ginettek@gmail.com,33072 Webster Spring,4531,99,8
624,624,308236,Daniel,Witte,Daniel Witte,Danielw@gmail.com,594 Cristina Course Apt. 959,7511,46,1
625,625,488186,Hung,Stapler,Hung Stapler,Hungs@gmail.com,9123 Isabella Walks,8265,28,2
626,626,228312,Archie,Obrien,Archie Obrien,Archieo@gmail.com,075 Phillips Square,3784,222,4
627,627,276113,Stephen,Cone,Stephen Cone,Stephenc@gmail.com,939 Fischer Motorway Suite 787,8042,119,4
628,628,905634,Johnnie,Patrick,Johnnie Patrick,Johnniep@gmail.com,70807 Isaac Port,7467,153,5
629,629,115105,Chanel,Branch,Chanel Branch,Chanelb@gmail.com,2702 Brianna Ford Apt. 723,3918,105,7
630,630,465322,Frederick,Saum,Frederick Saum,Fredericks@gmail.com,351 Young Springs,3623,203,1
631,631,72994,Elizabeth,Silver,Elizabeth Silver,Elizabeths@gmail.com,62329 Torres Square Apt. 468,3701,174,2
632,632,937717,Leroy,Long,Leroy Long,Leroyl@gmail.com,97906 Martinez Land,5209,124,4
633,633,576269,Iola,Salcido,Iola Salcido,Iolas@gmail.com,1859 Andrea Manor Suite 548,7863,34,6
634,634,182161,Susan,Edwards,Susan Edwards,Susane@gmail.com,818 Williams Expressway Apt. 714,6475,225,6
635,635,252159,John,Schacht,John Schacht,Johns@gmail.com,1604 Freeman Mission Suite 941,7867,21,4
636,636,801816,Carolyn,Fletcher,Carolyn Fletcher,Carolynf@gmail.com,822 David Cove,1994,170,1
637,637,234345,Betty,Cacciatori,Betty Cacciatori,Bettyc@gmail.com,45865 Grant Junction,6834,141,7
638,638,748346,Maurice,Waiters,Maurice Waiters,Mauricew@gmail.com,2142 Harris Mount,8429,61,5
639,639,269617,Christina,Lowe,Christina Lowe,Christinal@gmail.com,5521 Norman Center,5910,168,1
640,640,446276,John,Goods,John Goods,Johng@gmail.com,4296 Devin Lane,3772,79,6
641,641,782311,Kelly,Zakrzewski,Kelly Zakrzewski,Kellyz@gmail.com,4404 Ashley Junction,7848,42,6
642,642,626942,Ernesto,Petri,Ernesto Petri,Ernestop@gmail.com,96655 Elizabeth Avenue,7297,72,8
643,643,93108,Mike,Walker,Mike Walker,Mikew@gmail.com,604 Thompson Harbors Apt. 611,3148,8,3
644,644,396312,Patrice,Waite,Patrice Waite,Patricew@gmail.com,388 Alvarez Turnpike Suite 821,5580,26,1
645,645,726215,Jeffery,Lopez,Jeffery Lopez,Jefferyl@gmail.com,044 Hobbs Meadows,5426,123,6
646,646,653062,Alice,Daniels,Alice Daniels,Aliced@gmail.com,966 Levine Mall,5571,218,1
647,647,646597,Jason,Coplin,Jason Coplin,Jasonc@gmail.com,77832 Ann Skyway,9328,181,6
648,648,742520,Brenda,Norton,Brenda Norton,Brendan@gmail.com,2389 Nancy Prairie,6850,212,6
649,649,517559,Douglas,Cummings,Douglas Cummings,Douglasc@gmail.com,6375 Wright Plaza,2150,214,3
650,650,618438,Michael,Blount,Michael Blount,Michaelb@gmail.com,165 Melissa Inlet Suite 036,5122,135,1
651,651,306029,Raymond,Doi,Raymond Doi,Raymondd@gmail.com,296 Karina Villages,3938,226,4
652,652,626591,Phyllis,Sparling,Phyllis Sparling,Phylliss@gmail.com,78944 Daniel Rue,9713,92,6
653,653,419381,Sidney,Taylor,Sidney Taylor,Sidneyt@gmail.com,595 Hector Isle Suite 360,6591,227,9
654,654,417312,Clayton,Zoellner,Clayton Zoellner,Claytonz@gmail.com,9920 Teresa Junction Apt. 100,8980,76,4
655,655,539823,Mary,Bohannon,Mary Bohannon,Maryb@gmail.com,528 Hill Unions,4812,6,1
656,656,106207,Martha,Hunt,Martha Hunt,Marthah@gmail.com,823 Kyle Causeway Apt. 178,4806,122,6
657,657,850806,Patricia,Johnson,Patricia Johnson,Patriciaj@gmail.com,60994 Adam View Apt. 361,9236,194,6
658,658,620212,Mary,Scott,Mary Scott,Marys@gmail.com,28901 Wright Haven Apt. 431,6555,31,2
659,659,160318,Micheal,Hammond,Micheal Hammond,Michealh@gmail.com,37042 Mcdaniel Flat,2853,6,6
660,660,622115,Paula,Kean,Paula Kean,Paulak@gmail.com,521 Nathaniel Trace,4437,142,2
661,661,967387,Stephen,Jefferson,Stephen Jefferson,Stephenj@gmail.com,133 Howard Via,4092,137,8
662,662,431852,David,Walton,David Walton,Davidw@gmail.com,488 Laura Freeway Suite 111,9911,225,8
663,663,10403,Antonio,Dejesus,Antonio Dejesus,Antoniod@gmail.com,743 Henry Falls,8626,127,7
664,664,161636,Deanne,Spence,Deanne Spence,Deannes@gmail.com,4658 Bonnie Branch,3321,105,6
665,665,107304,Joseph,Lorenz,Joseph Lorenz,Josephl@gmail.com,303 Lucas View,1305,133,6
666,666,558001,Lori,Loggins,Lori Loggins,Loril@gmail.com,977 Terri Forge Apt. 745,1785,82,1
667,667,466711,John,Walker,John Walker,Johnw@gmail.com,61574 Rhonda Oval,4052,90,0
668,668,900774,Natashia,Wilson,Natashia Wilson,Natashiaw@gmail.com,060 Lopez Parkway,7004,180,8
669,669,344516,Brenda,Carnes,Brenda Carnes,Brendac@gmail.com,0030 Guzman Lane Suite 491,5695,49,3
670,670,641603,Omar,Lawyer,Omar Lawyer,Omarl@gmail.com,63206 Edwards Pike Suite 554,7198,228,4
671,671,848033,Patricia,Spicer,Patricia Spicer,Patricias@gmail.com,164 Kelli Port Apt. 751,2026,223,4
672,672,586747,Stephanie,Wiggins,Stephanie Wiggins,Stephaniew@gmail.com,72113 Rodriguez Junction,5384,144,4
673,673,220076,Justin,Barrett,Justin Barrett,Justinb@gmail.com,779 Allen Greens Suite 479,7143,218,7
674,674,551519,Bernice,Sherman,Bernice Sherman,Bernices@gmail.com,3893 Alex Rest,2920,89,8
675,675,741605,Latia,Herrera,Latia Herrera,Latiah@gmail.com,270 John Mall,6357,227,5
676,676,522824,Meta,Williams,Meta Williams,Metaw@gmail.com,12541 Christopher Bridge,3570,182,3
677,677,697022,Enid,Khauv,Enid Khauv,Enidk@gmail.com,92390 Miller Forge Suite 961,4725,110,9
678,678,749326,Harold,Ortega,Harold Ortega,Haroldo@gmail.com,37452 Lewis Orchard Apt. 388,2748,229,0
679,679,635213,Celeste,Bell,Celeste Bell,Celesteb@gmail.com,706 Christine Keys,3451,95,6
680,680,176221,Armando,Jones,Armando Jones,Armandoj@gmail.com,2841 Tina Parkway,8773,100,2
681,681,563823,David,Poole,David Poole,Davidp@gmail.com,97900 Patton Extension,6008,140,8
682,682,294215,Joshua,Godine,Joshua Godine,Joshuag@gmail.com,5490 Heather Via,8505,159,6
683,683,531442,Donald,Wright,Donald Wright,Donaldw@gmail.com,274 Elizabeth Junction,7914,96,1
684,684,227057,Thomas,Whitfill,Thomas Whitfill,Thomasw@gmail.com,6714 Smith Port Apt. 623,2116,148,1
685,685,389754,Katharine,Remaley,Katharine Remaley,Kathariner@gmail.com,3149 Morales Summit Apt. 613,5784,90,1
686,686,811015,Michael,Pate,Michael Pate,Michaelp@gmail.com,74610 Kevin Throughway,9959,220,0
687,687,662347,Randy,Hinzman,Randy Hinzman,Randyh@gmail.com,03179 Mariah Crossing Suite 479,5548,44,6
688,688,288007,Ellen,Wiley,Ellen Wiley,Ellenw@gmail.com,1365 Wolfe Tunnel Suite 238,5084,181,8
689,689,821186,Robert,Jones,Robert Jones,Robertj@gmail.com,610 Strickland Shoals Suite 092,7842,230,6
690,690,255621,Robert,Brown,Robert Brown,Robertb@gmail.com,084 Jarvis Motorway Suite 285,7169,168,5
691,691,422864,Lasonya,Santos,Lasonya Santos,Lasonyas@gmail.com,421 Saunders Keys,2356,7,3
692,692,33572,Ernesto,Poole,Ernesto Poole,Ernestop@gmail.com,4927 Randall Knolls,3958,24,6
693,693,304182,Nina,Bentley,Nina Bentley,Ninab@gmail.com,846 Meyer Unions,5030,226,6
694,694,60899,Luis,Mcdowell,Luis Mcdowell,Luism@gmail.com,1236 Smith Ville,6321,27,5
695,695,576870,Dennis,Byrne,Dennis Byrne,Dennisb@gmail.com,5981 Olsen Villages Apt. 415,6888,231,8
696,696,330242,Jeff,Wiedman,Jeff Wiedman,Jeffw@gmail.com,067 Scott Street,1586,187,5
697,697,657002,Mallory,Chisholm,Mallory Chisholm,Malloryc@gmail.com,9675 Jasmine Club,8424,110,6
698,698,167143,Joan,Baoloy,Joan Baoloy,Joanb@gmail.com,726 Joann Cliff,2354,131,1
699,699,732152,James,Graves,James Graves,Jamesg@gmail.com,488 Roy Crossroad,6695,67,8
700,700,113964,Brian,White,Brian White,Brianw@gmail.com,4573 Crystal Road,1946,146,1
701,701,715881,Stuart,Duncklee,Stuart Duncklee,Stuartd@gmail.com,905 Garcia Tunnel Suite 294,2553,54,9
702,702,760032,Donald,Lopez,Donald Lopez,Donaldl@gmail.com,1114 Veronica Path,3986,1,6
703,703,950712,Vernon,Richey,Vernon Richey,Vernonr@gmail.com,3345 Sarah Brook,5206,141,2
704,704,325716,Rosa,Chung,Rosa Chung,Rosac@gmail.com,22837 Bates Brook Apt. 025,9087,5,1
705,705,237512,Donald,Smith,Donald Smith,Donalds@gmail.com,17276 Casey Court Apt. 828,2385,190,6
706,706,70878,Rose,Labonte,Rose Labonte,Rosel@gmail.com,4125 Janet Stream,9764,126,5
707,707,474197,Jessica,Fote,Jessica Fote,Jessicaf@gmail.com,90120 Mayo Pines,9177,66,4
708,708,371896,Maura,Simmons,Maura Simmons,Mauras@gmail.com,75466 Sara Hollow Suite 044,1424,181,4
709,709,890699,Betty,Williamson,Betty Williamson,Bettyw@gmail.com,802 Taylor Heights Suite 693,5592,152,3
710,710,167344,Kathy,Preston,Kathy Preston,Kathyp@gmail.com,630 Barry Hollow,2928,163,3
711,711,247913,Lorretta,Rodriquez,Lorretta Rodriquez,Lorrettar@gmail.com,325 Davis Harbor,9282,12,2
712,712,371698,Christopher,Class,Christopher Class,Christopherc@gmail.com,20124 Alexander Prairie Apt. 049,7967,144,0
713,713,662160,Nick,Hillsman,Nick Hillsman,Nickh@gmail.com,20075 Riley Pine,8588,214,4
714,714,821491,Nichole,Lee,Nichole Lee,Nicholel@gmail.com,71864 Smith Green,9611,94,8
715,715,588209,Oliver,Jones,Oliver Jones,Oliverj@gmail.com,46747 Larry Lakes Suite 173,6374,160,2
716,716,370093,Michael,Larez,Michael Larez,Michaell@gmail.com,111 Bryan Land,5909,196,6
717,717,759584,Heidi,Stewart,Heidi Stewart,Heidis@gmail.com,182 Jose Flats,8194,227,8
718,718,107629,Judy,Crayton,Judy Crayton,Judyc@gmail.com,5238 Nancy Divide Apt. 335,7483,195,2
719,719,833100,Vicky,Simpson,Vicky Simpson,Vickys@gmail.com,355 Michael Expressway,6817,224,7
720,720,393395,Lila,Bitter,Lila Bitter,Lilab@gmail.com,037 Hayley Hills,3275,213,1
721,721,857803,Bette,Bailey,Bette Bailey,Betteb@gmail.com,847 Hunt Well Suite 764,8964,32,5
722,722,673700,Lee,Collier,Lee Collier,Leec@gmail.com,6558 Rios Terrace,5869,186,4
723,723,809346,Walter,Lowery,Walter Lowery,Walterl@gmail.com,15361 Hill Mission,9731,164,1
724,724,373886,Sharon,Stewart,Sharon Stewart,Sharons@gmail.com,72179 Brock Ramp,1327,164,3
725,725,167393,Eleanor,Mcintire,Eleanor Mcintire,Eleanorm@gmail.com,18672 Christopher Crescent,2716,74,6
726,726,47830,Walter,Saenz,Walter Saenz,Walters@gmail.com,196 Randy Circle,1560,131,9
727,727,673621,Corazon,Leath,Corazon Leath,Corazonl@gmail.com,675 Sanchez Groves,5914,118,5
728,728,212272,Pedro,Alonso,Pedro Alonso,Pedroa@gmail.com,55890 Louis Drive Suite 218,8959,85,6
729,729,420595,Leroy,Simonelli,Leroy Simonelli,Leroys@gmail.com,30096 Rhodes Gateway,9487,54,1
730,730,339867,Rachel,Ross,Rachel Ross,Rachelr@gmail.com,4478 Barr Lodge,1981,160,8
731,731,742282,Neil,Youngblood,Neil Youngblood,Neily@gmail.com,00314 Courtney Neck,2395,147,3
732,732,749183,Christi,Ellis,Christi Ellis,Christie@gmail.com,0563 Johnson Ferry,7315,3,2
733,733,653039,Alfredo,Sumpter,Alfredo Sumpter,Alfredos@gmail.com,44751 Deborah Fork Apt. 146,5896,229,6
734,734,431989,Margaret,Quan,Margaret Quan,Margaretq@gmail.com,1836 Dawn Mountain,8324,2,6
735,735,152486,Peter,Sharr,Peter Sharr,Peters@gmail.com,75666 Vega Station Suite 112,1700,5,3
736,736,353756,John,Lewis,John Lewis,Johnl@gmail.com,0834 Simmons Spring Apt. 677,3949,18,1
737,737,390359,Keith,Green,Keith Green,Keithg@gmail.com,3513 Cochran Heights,1948,229,9
738,738,434300,Mary,Aldrich,Mary Aldrich,Marya@gmail.com,3627 Kerr Villages,3670,108,8
739,739,167410,Lionel,Parr,Lionel Parr,Lionelp@gmail.com,595 Brandon Glen Suite 693,3697,94,1
740,740,535277,David,Davis,David Davis,Davidd@gmail.com,502 Craig Roads,9753,5,9
741,741,747956,Patrick,Carroll,Patrick Carroll,Patrickc@gmail.com,42763 Jacqueline Mountain Apt. 179,2022,193,6
742,742,633313,Angela,Martinez,Angela Martinez,Angelam@gmail.com,162 Jonathan Manors,6138,82,7
743,743,972825,Tamara,Cochran,Tamara Cochran,Tamarac@gmail.com,214 Snyder Crest Apt. 000,1426,219,2
744,744,983659,Rebecca,Burgos,Rebecca Burgos,Rebeccab@gmail.com,618 Tammy Springs Suite 313,4002,3,3
745,745,819349,Amy,Haire,Amy Haire,Amyh@gmail.com,07435 Michael Rapid,3255,161,8
746,746,942090,Lucien,Skrebes,Lucien Skrebes,Luciens@gmail.com,116 Patterson Cliff,5563,188,7
747,747,640249,Steven,Hicks,Steven Hicks,Stevenh@gmail.com,5750 Joy Greens Apt. 197,9419,228,8
748,748,692604,Christopher,Poquette,Christopher Poquette,Christopherp@gmail.com,82037 Clayton Hill Suite 011,2729,232,3
749,749,175881,Kristi,Worley,Kristi Worley,Kristiw@gmail.com,81986 Mary Junction,8968,54,2
750,750,729681,James,Balmos,James Balmos,Jamesb@gmail.com,820 Maureen Mall Suite 527,4377,22,7
751,751,997546,Felix,Graham,Felix Graham,Felixg@gmail.com,713 Christine Avenue,6647,138,0
752,752,892202,Todd,Long,Todd Long,Toddl@gmail.com,8913 Maria Square Suite 359,2166,186,5
753,753,585869,Chad,Smith,Chad Smith,Chads@gmail.com,7482 Kelly Loaf,6895,140,5
754,754,511693,Mary,Mcfarland,Mary Mcfarland,Marym@gmail.com,80791 Brennan Trace,7081,16,8
755,755,750019,Mary,Hartman,Mary Hartman,Maryh@gmail.com,21860 Nguyen Islands Suite 979,7221,88,6
756,756,188555,Cynthia,Marshall,Cynthia Marshall,Cynthiam@gmail.com,398 Ramirez Path,4861,36,0
757,757,131133,Mary,Amedee,Mary Amedee,Marya@gmail.com,2014 Luis Mall Suite 680,7971,78,7
758,758,944573,Nicholas,Dunn,Nicholas Dunn,Nicholasd@gmail.com,3244 Rebecca Canyon,6182,73,0
759,759,437985,Doyle,Conzemius,Doyle Conzemius,Doylec@gmail.com,32513 Schmidt Freeway,3985,39,1
760,760,935756,Patricia,Richardson,Patricia Richardson,Patriciar@gmail.com,51553 Anna Stravenue,4220,120,1
761,761,177860,Blanche,Bonilla,Blanche Bonilla,Blancheb@gmail.com,25204 Katherine Wall,5118,189,6
762,762,12306,Arlene,Tippens,Arlene Tippens,Arlenet@gmail.com,02333 Matthew Knoll,1645,7,2
763,763,335100,Christopher,Lane,Christopher Lane,Christopherl@gmail.com,7590 Brianna Forges Suite 231,4156,139,6
764,764,619300,John,Casey,John Casey,Johnc@gmail.com,94682 Barron Club,6142,193,1
765,765,563820,Martha,Warhurst,Martha Warhurst,Marthaw@gmail.com,5176 Gilbert Estates Suite 165,9320,230,4
766,766,124774,Carolyn,Wiley,Carolyn Wiley,Carolynw@gmail.com,700 Anderson Bridge,2280,216,4
767,767,753385,Diana,Ratliff,Diana Ratliff,Dianar@gmail.com,96002 Simmons Ports Apt. 169,4071,216,1
768,768,807031,John,Bentley,John Bentley,Johnb@gmail.com,0163 Solomon Ports,9907,132,5
769,769,236160,Carla,Richardson,Carla Richardson,Carlar@gmail.com,593 Garcia Circles,4649,44,8
770,770,346456,Patrick,Bigelow,Patrick Bigelow,Patrickb@gmail.com,21049 Emma Station,2190,221,6
771,771,408771,Christine,Smith,Christine Smith,Christines@gmail.com,480 Joanne Pike Suite 748,7027,193,7
772,772,332790,Earl,Anderson,Earl Anderson,Earla@gmail.com,8916 Mary Causeway Apt. 723,2534,186,8
773,773,607906,Beverly,Mcdevitt,Beverly Mcdevitt,Beverlym@gmail.com,696 Martinez Vista Apt. 362,2292,231,7
774,774,787600,Betty,Rios,Betty Rios,Bettyr@gmail.com,328 Carney Gardens,7006,134,9
775,775,83352,David,Warncke,David Warncke,Davidw@gmail.com,73201 Moore Islands,7471,4,0
776,776,88800,Rene,Wilks,Rene Wilks,Renew@gmail.com,42047 Sanders Gardens Suite 293,8826,113,3
777,777,834257,Jan,Taylor,Jan Taylor,Jant@gmail.com,84226 Valerie Ranch,9736,75,5
778,778,500139,David,Duke,David Duke,Davidd@gmail.com,3178 Michael Coves,9646,199,1
779,779,769692,Leland,Valverde,Leland Valverde,Lelandv@gmail.com,510 Rodriguez Pines,4193,101,6
780,780,465634,Vera,Alston,Vera Alston,Veraa@gmail.com,5584 Wanda Mills Apt. 278,5286,233,9
781,781,340454,Stanley,Moore,Stanley Moore,Stanleym@gmail.com,479 Conrad Forges Suite 963,4951,134,3
782,782,72628,Robert,Rogers,Robert Rogers,Robertr@gmail.com,06186 Robert Gateway,7738,127,1
783,783,165329,Patricia,Burke,Patricia Burke,Patriciab@gmail.com,94167 Lauren Crest Suite 761,7437,143,6
784,784,201035,Santiago,Young,Santiago Young,Santiagoy@gmail.com,699 Lisa Court Suite 227,1290,89,7
785,785,295377,Ashley,Brown,Ashley Brown,Ashleyb@gmail.com,274 Jay Lodge Suite 424,8564,33,4
786,786,321435,Carl,Thompson,Carl Thompson,Carlt@gmail.com,25751 Dylan Highway Apt. 494,6277,36,6
787,787,793366,Tyesha,Spurlock,Tyesha Spurlock,Tyeshas@gmail.com,1805 Christina Loop Suite 652,3480,0,4
788,788,786419,David,Jett,David Jett,Davidj@gmail.com,49700 Barr Knolls Suite 118,6228,186,1
789,789,144871,Pamela,Clark,Pamela Clark,Pamelac@gmail.com,16999 Silva Summit Suite 777,1329,124,5
790,790,404462,Ann,Sivertsen,Ann Sivertsen,Anns@gmail.com,26543 Brenda Circles,3847,120,0
791,791,795385,Lilia,Smith,Lilia Smith,Lilias@gmail.com,5086 Colleen Brooks Apt. 996,2669,7,4
792,792,494482,Terry,Dick,Terry Dick,Terryd@gmail.com,2656 Mary Mills Apt. 550,8582,96,9
793,793,635331,David,Kukowski,David Kukowski,Davidk@gmail.com,870 Dana Plains Apt. 295,1568,203,2
794,794,991336,Harold,Short,Harold Short,Harolds@gmail.com,0995 Luis Streets Apt. 156,6391,152,9
795,795,225194,Hugo,Sargent,Hugo Sargent,Hugos@gmail.com,485 Carla Mission Apt. 498,5130,117,6
796,796,441845,Daniel,Sanges,Daniel Sanges,Daniels@gmail.com,92161 Castillo Shores,1484,45,4
797,797,59293,Annette,Shain,Annette Shain,Annettes@gmail.com,549 Melinda Centers Apt. 031,1121,192,1
798,798,906859,Jennifer,Troxler,Jennifer Troxler,Jennifert@gmail.com,1381 Bright Springs Suite 214,1842,234,1
799,799,463792,Misti,Fox,Misti Fox,Mistif@gmail.com,715 Rodriguez Prairie Suite 098,5729,82,4
800,800,563260,William,Mazza,William Mazza,Williamm@gmail.com,5527 Castro Freeway Suite 891,1303,120,1
801,801,385337,Helen,Sommers,Helen Sommers,Helens@gmail.com,8016 Bowers Bypass,4034,96,0
802,802,40694,Alisha,Singer,Alisha Singer,Alishas@gmail.com,16530 Aaron Field,3039,66,8
803,803,329195,John,Corley,John Corley,Johnc@gmail.com,730 Hines Meadow Suite 134,7282,67,1
804,804,484237,Sasha,Oldham,Sasha Oldham,Sashao@gmail.com,5017 Gerald Underpass,1819,199,4
805,805,74949,Oscar,Kitsmiller,Oscar Kitsmiller,Oscark@gmail.com,722 John Run,4317,205,6
806,806,275211,Christian,Scott,Christian Scott,Christians@gmail.com,6742 Parker Islands,5215,149,0
807,807,91006,Paula,Otis,Paula Otis,Paulao@gmail.com,153 Ellen Shores Suite 021,7471,30,4
808,808,561455,Tricia,Johnson,Tricia Johnson,Triciaj@gmail.com,88108 Cummings Underpass,5630,25,4
809,809,803429,Francine,Hedges,Francine Hedges,Francineh@gmail.com,384 Reilly Pines Suite 608,8246,111,0
810,810,540947,Frank,Leslie,Frank Leslie,Frankl@gmail.com,08893 Brennan Trail,8352,113,6
811,811,993299,Shawnna,Fritter,Shawnna Fritter,Shawnnaf@gmail.com,6122 Zachary Crossing Suite 068,2303,235,4
812,812,397857,Franklin,Smith,Franklin Smith,Franklins@gmail.com,894 Stewart Parkways Apt. 076,8582,141,5
813,813,622078,Deborah,Alexander,Deborah Alexander,Deboraha@gmail.com,71316 Ramsey Estate,5266,98,4
814,814,591012,John,Burton,John Burton,Johnb@gmail.com,99874 Jackson Wells,2653,48,1
815,815,957043,Raymond,Wagner,Raymond Wagner,Raymondw@gmail.com,652 Michael Freeway Suite 607,2300,93,7
816,816,984954,John,Guajardo,John Guajardo,Johng@gmail.com,6098 Robert Bridge,8707,10,9
817,817,665434,Michael,Duncan,Michael Duncan,Michaeld@gmail.com,0826 Durham Center Suite 129,6502,59,0
818,818,12479,Kathleen,Thornton,Kathleen Thornton,Kathleent@gmail.com,65403 Davidson Ramp,2400,20,9
819,819,304419,Charles,Matthew,Charles Matthew,Charlesm@gmail.com,40153 Brian Fort Apt. 252,2366,217,8
820,820,187022,Amber,Cabe,Amber Cabe,Amberc@gmail.com,8598 Daniels Mission,6070,198,1
821,821,68043,Mary,Cousin,Mary Cousin,Maryc@gmail.com,78444 Michael Glen,3584,48,3
822,822,442386,Antonio,Bevan,Antonio Bevan,Antoniob@gmail.com,90171 Kevin Crest Suite 021,1841,66,6
823,823,33710,Sheri,Rojas,Sheri Rojas,Sherir@gmail.com,09656 Jacob Mall,9750,151,8
824,824,152610,Emma,Keyes,Emma Keyes,Emmak@gmail.com,6926 Madeline Locks,4382,128,1
825,825,17696,Patrick,Campbell,Patrick Campbell,Patrickc@gmail.com,33176 Gardner Brook,9132,187,1
826,826,173965,Manuel,Decker,Manuel Decker,Manueld@gmail.com,36504 David Coves Apt. 090,1199,187,9
827,827,596328,Carissa,Devine,Carissa Devine,Carissad@gmail.com,986 Chris Gateway Apt. 692,9123,12,3
828,828,993264,Veronica,Coles,Veronica Coles,Veronicac@gmail.com,25334 Cortez Union,4621,129,6
829,829,997059,Michael,Deruyter,Michael Deruyter,Michaeld@gmail.com,15523 Fernandez Springs Apt. 822,1130,117,7
830,830,745774,Heath,Bailey,Heath Bailey,Heathb@gmail.com,635 Miller Harbors Apt. 941,3166,97,6
831,831,487845,Josephine,Scholl,Josephine Scholl,Josephines@gmail.com,47182 Baker Ridge,4993,62,1
832,832,119113,Mathilde,Harris,Mathilde Harris,Mathildeh@gmail.com,8756 Jessica Ridges,9422,61,1
833,833,145778,Lee,Pickett,Lee Pickett,Leep@gmail.com,580 Angela Ways,1811,113,1
834,834,839858,Edward,Alvarez,Edward Alvarez,Edwarda@gmail.com,6383 Daniel Shoals,1489,211,6
835,835,419354,Sandra,Hart,Sandra Hart,Sandrah@gmail.com,0237 Anderson Plaza,8746,82,4
836,836,775497,Charles,Hernandez,Charles Hernandez,Charlesh@gmail.com,0996 Carol Port,9083,222,7
837,837,780803,Donna,Doan,Donna Doan,Donnad@gmail.com,7631 Kevin Village Suite 276,8613,106,6
838,838,829201,Diane,Conner,Diane Conner,Dianec@gmail.com,062 Herrera Park,1273,51,1
839,839,411423,Myrtle,Anderson,Myrtle Anderson,Myrtlea@gmail.com,42135 Blake Circles,8343,152,6
840,840,382413,Claire,Franks,Claire Franks,Clairef@gmail.com,111 Charles Coves Apt. 389,5904,80,4
841,841,313099,Eric,Arwood,Eric Arwood,Erica@gmail.com,83083 Edwin Squares,1603,151,8
842,842,830621,Kevin,Hilser,Kevin Hilser,Kevinh@gmail.com,115 Jennifer Knolls Apt. 641,4598,24,2
843,843,785039,Sharon,Keim,Sharon Keim,Sharonk@gmail.com,14093 Lopez Knolls Suite 704,4559,163,9
844,844,147012,Terry,Swee,Terry Swee,Terrys@gmail.com,6325 Betty Mountain,2825,208,5
845,845,122032,Felix,Tillman,Felix Tillman,Felixt@gmail.com,17855 Zoe Turnpike,1737,195,8
846,846,17656,Winifred,Donoho,Winifred Donoho,Winifredd@gmail.com,96401 Blake Corners Suite 191,8539,145,7
847,847,872504,Ruth,Stoviak,Ruth Stoviak,Ruths@gmail.com,13255 Miguel Corners Suite 938,5199,210,4
848,848,707064,William,Bustos,William Bustos,Williamb@gmail.com,792 Anthony Place Suite 671,6369,75,1
849,849,408094,Stuart,Barberio,Stuart Barberio,Stuartb@gmail.com,83374 Smith Manors,7831,90,6
850,850,157017,Darcie,Riley,Darcie Riley,Darcier@gmail.com,46608 Timothy Canyon,9932,224,1
851,851,264525,Eddie,Coleman,Eddie Coleman,Eddiec@gmail.com,04208 Molly Stravenue Suite 291,4003,225,1
852,852,10447,Ruby,Long,Ruby Long,Rubyl@gmail.com,732 Campbell Cove,8497,52,2
853,853,110707,Debrah,Cole,Debrah Cole,Debrahc@gmail.com,1362 Hall Mountain,3874,35,0
854,854,378199,Christopher,Mcfarland,Christopher Mcfarland,Christopherm@gmail.com,2498 Kimberly Orchard,2393,16,6
855,855,293049,Pauline,Gibbs,Pauline Gibbs,Paulineg@gmail.com,1349 Joel River,8507,117,6
856,856,812761,Donna,Dempsey,Donna Dempsey,Donnad@gmail.com,286 Kurt Mission Suite 311,2431,75,6
857,857,574732,Lillian,Cushman,Lillian Cushman,Lillianc@gmail.com,93954 Shawn Walk,6185,56,1
858,858,754189,Connie,Stockton,Connie Stockton,Connies@gmail.com,6792 Kim Mills Apt. 500,8776,118,6
859,859,717456,Nigel,Adams,Nigel Adams,Nigela@gmail.com,24492 Williams Trace Suite 737,7271,160,5
860,860,227681,Jeanette,Mcneely,Jeanette Mcneely,Jeanettem@gmail.com,573 Lori Rue,5728,232,6
861,861,778340,Ramon,Gauthier,Ramon Gauthier,Ramong@gmail.com,4490 Jennifer Hill Suite 712,2093,52,5
862,862,321533,Debra,Ashford,Debra Ashford,Debraa@gmail.com,89364 Wood Loaf Suite 185,9166,208,4
863,863,24680,William,Krausmann,William Krausmann,Williamk@gmail.com,8484 Robert Heights,4855,187,0
864,864,312641,Ian,Fair,Ian Fair,Ianf@gmail.com,33599 Andrew Lock Suite 060,9265,95,0
865,865,88707,Lydia,Greenwell,Lydia Greenwell,Lydiag@gmail.com,545 Wright Ramp Suite 703,9034,153,4
866,866,796057,Mary,Bennett,Mary Bennett,Maryb@gmail.com,9680 Ryan Stream,6310,212,9
867,867,175886,Stuart,Parisien,Stuart Parisien,Stuartp@gmail.com,563 Velazquez Port,4976,235,6
868,868,229734,Michele,Welsh,Michele Welsh,Michelew@gmail.com,0102 Bryant Course Apt. 280,2912,198,0
869,869,396969,Susan,Johnson,Susan Johnson,Susanj@gmail.com,182 Barnes Union,6922,236,7
870,870,326523,Mae,Garris,Mae Garris,Maeg@gmail.com,233 James Skyway,2073,160,4
871,871,279016,Richard,Kuhl,Richard Kuhl,Richardk@gmail.com,807 Scott Valleys Suite 715,7317,210,4
872,872,549466,William,Crowe,William Crowe,Williamc@gmail.com,88726 Davenport Divide Suite 338,5373,237,2
873,873,910922,Wesley,Ownbey,Wesley Ownbey,Wesleyo@gmail.com,386 Angela Parkways,8828,124,1
874,874,517440,James,Johnson,James Johnson,Jamesj@gmail.com,9209 Allen Alley,7790,52,6
875,875,572913,Douglas,Copeland,Douglas Copeland,Douglasc@gmail.com,942 Larson Road,3788,180,8
876,876,794090,Lee,Hines,Lee Hines,Leeh@gmail.com,3296 Rivera Camp Apt. 193,3562,137,6
877,877,192606,Pablo,Patterson,Pablo Patterson,Pablop@gmail.com,15927 Wanda Crossroad Suite 172,2380,221,9
878,878,171923,Charles,Hoang,Charles Hoang,Charlesh@gmail.com,563 Mooney Trace,6271,113,5
879,879,590568,Mary,Hollaway,Mary Hollaway,Maryh@gmail.com,348 Nathan Knoll Suite 848,2674,104,8
880,880,593468,Dean,Brooks,Dean Brooks,Deanb@gmail.com,43742 Sean Trail,5797,164,3
881,881,665975,Ralph,Godinez,Ralph Godinez,Ralphg@gmail.com,80054 Barker Land Apt. 943,9167,49,6
882,882,915209,Anna,Healey,Anna Healey,Annah@gmail.com,3373 Ford Inlet,6392,51,9
883,883,207796,Douglas,Heatherington,Douglas Heatherington,Douglash@gmail.com,144 Rickey Throughway Apt. 000,1088,129,4
884,884,602544,Cindy,Williams,Cindy Williams,Cindyw@gmail.com,67670 Daniel Divide,7087,38,8
885,885,733527,Ann,Chang,Ann Chang,Annc@gmail.com,9335 Donna Turnpike,4282,81,2
886,886,994456,Gary,Rice,Gary Rice,Garyr@gmail.com,495 Robert Spur,1731,156,6
887,887,726619,Mary,Henderson,Mary Henderson,Maryh@gmail.com,598 Richard Shores,7128,17,6
888,888,256691,Dorothy,Garcia,Dorothy Garcia,Dorothyg@gmail.com,154 Tracy Hollow,7224,188,5
889,889,610253,John,Aiyer,John Aiyer,Johna@gmail.com,6366 Christine Vista Suite 252,8663,135,2
890,890,908877,Susan,Duran,Susan Duran,Susand@gmail.com,82767 Amanda Points,1924,212,6
891,891,965262,William,Orr,William Orr,Williamo@gmail.com,82193 Ellis Light Apt. 870,3006,99,9
892,892,28244,Susan,Gary,Susan Gary,Susang@gmail.com,53330 Gomez Underpass,4438,172,1
893,893,120663,Lynette,Morris,Lynette Morris,Lynettem@gmail.com,06738 Zhang Junctions,7345,39,9
894,894,477470,James,Flint,James Flint,Jamesf@gmail.com,586 Christopher Spurs Suite 827,5468,123,6
895,895,547342,Herbert,Fagg,Herbert Fagg,Herbertf@gmail.com,2482 Fleming Stravenue,1666,122,1
896,896,195319,Sandra,Adams,Sandra Adams,Sandraa@gmail.com,60700 Lori Crossing,4288,43,4
897,897,954692,Melanie,Redden,Melanie Redden,Melanier@gmail.com,065 Elizabeth Throughway Apt. 205,5070,125,9
898,898,19821,Norma,Rameriz,Norma Rameriz,Normar@gmail.com,691 Simmons Orchard Apt. 973,9998,124,0
899,899,832825,Kelvin,Kays,Kelvin Kays,Kelvink@gmail.com,338 Richardson Mission Apt. 195,6930,21,0
900,900,583189,Amos,Ellis,Amos Ellis,Amose@gmail.com,184 Matthew Views,8693,86,6
901,901,416330,Patricia,Chiang,Patricia Chiang,Patriciac@gmail.com,141 Paul Lodge,6293,36,5
902,902,250499,Daniel,Brady,Daniel Brady,Danielb@gmail.com,597 Ryan Ports,1593,17,0
903,903,63242,Isaura,Gillis,Isaura Gillis,Isaurag@gmail.com,64525 Mason Heights Suite 454,2871,113,3
904,904,94186,James,Paxton,James Paxton,Jamesp@gmail.com,52916 Hart River Suite 336,3594,236,9
905,905,205057,Mary,Jenkins,Mary Jenkins,Maryj@gmail.com,8064 Moore Square Apt. 645,4492,33,1
906,906,564212,Amber,Claycomb,Amber Claycomb,Amberc@gmail.com,5113 Austin Tunnel,3139,58,5
907,907,416864,Robert,Bertram,Robert Bertram,Robertb@gmail.com,32047 Tina Mews Suite 283,8835,79,6
908,908,91785,Richard,Tripp,Richard Tripp,Richardt@gmail.com,029 Davis Mews Suite 043,8104,48,3
909,909,87624,Ella,Smith,Ella Smith,Ellas@gmail.com,2046 Hodges Canyon Suite 210,7114,236,6
910,910,253561,Laura,Gibson,Laura Gibson,Laurag@gmail.com,09507 Reyes Union,7848,174,7
911,911,433374,Clinton,Murdock,Clinton Murdock,Clintonm@gmail.com,86054 Ruth Vista Suite 384,6718,154,1
912,912,154073,Sandra,Mcelhenney,Sandra Mcelhenney,Sandram@gmail.com,64854 Taylor Freeway Suite 960,6811,167,5
913,913,527143,Mazie,Arkenberg,Mazie Arkenberg,Maziea@gmail.com,10487 Robbins Lodge Suite 521,7440,126,2
914,914,184626,Mary,Mowry,Mary Mowry,Marym@gmail.com,534 Johnson Key Apt. 817,7343,232,7
915,915,406399,Carrie,Martin,Carrie Martin,Carriem@gmail.com,7168 Kathleen Pine,9846,106,1
916,916,988406,Sarah,Mcdonough,Sarah Mcdonough,Sarahm@gmail.com,67463 Downs Estate,1121,232,5
917,917,275478,Ashley,Digregorio,Ashley Digregorio,Ashleyd@gmail.com,459 Nancy Shoals,5801,66,2
918,918,6894,Samuel,Edwards,Samuel Edwards,Samuele@gmail.com,048 Russell Mount,2643,62,2
919,919,914019,Bea,Noga,Bea Noga,Bean@gmail.com,3020 James Trail Apt. 061,8805,136,1
920,920,825959,Mercedes,Rose,Mercedes Rose,Mercedesr@gmail.com,23117 Danielle Crossroad,3104,230,6
921,921,866315,Gary,Harsh,Gary Harsh,Garyh@gmail.com,021 Santiago River,2078,147,9
922,922,610979,Judy,Cunningham,Judy Cunningham,Judyc@gmail.com,87070 Mcdaniel Ford,9407,98,6
923,923,123407,Ivette,Smith,Ivette Smith,Ivettes@gmail.com,87461 Beverly Walks,7778,162,6
924,924,666823,Mary,Janssen,Mary Janssen,Maryj@gmail.com,5199 Jasmine Highway,8044,163,4
925,925,537538,Shawna,Miner,Shawna Miner,Shawnam@gmail.com,3130 Claudia Crescent,1569,149,6
926,926,222071,Mary,Chavez,Mary Chavez,Maryc@gmail.com,396 Carol Well,9132,16,3
927,927,326804,Hugh,Norton,Hugh Norton,Hughn@gmail.com,06018 Matthew Radial Apt. 689,7160,36,6
928,928,100031,John,Carter,John Carter,Johnc@gmail.com,542 King Village Apt. 005,6243,88,6
929,929,210071,James,Harcourt,James Harcourt,Jamesh@gmail.com,55883 Bates Trace,8759,115,4
930,930,337010,Nancy,Chapman,Nancy Chapman,Nancyc@gmail.com,14948 Tracey Mission Suite 354,1299,8,8
931,931,455727,Melissa,Webster,Melissa Webster,Melissaw@gmail.com,49279 James Passage,8179,78,0
932,932,987975,Nina,Mccauley,Nina Mccauley,Ninam@gmail.com,3654 Guzman Road,5422,211,4
933,933,97285,Andrew,Tharp,Andrew Tharp,Andrewt@gmail.com,554 Paul Trafficway,3711,180,5
934,934,240028,Terry,Worrell,Terry Worrell,Terryw@gmail.com,0166 Ewing Road,4312,194,6
935,935,96964,Douglas,White,Douglas White,Douglasw@gmail.com,47877 Allen Place,1894,16,6
936,936,992644,Dorothy,Willis,Dorothy Willis,Dorothyw@gmail.com,89513 Small Hollow Apt. 865,3910,18,5
937,937,386695,Mindy,Earl,Mindy Earl,Mindye@gmail.com,714 Monique Knolls Apt. 524,8603,19,9
938,938,960086,Jeremy,Glisson,Jeremy Glisson,Jeremyg@gmail.com,5809 Robert Shoals,2666,97,4
939,939,140541,Joseph,Fitzgerald,Joseph Fitzgerald,Josephf@gmail.com,0875 Lewis Passage Apt. 507,7385,189,8
940,940,477392,Anita,Chunn,Anita Chunn,Anitac@gmail.com,1052 Joel Shoals,2933,61,5
941,941,634951,Amos,Flaherty,Amos Flaherty,Amosf@gmail.com,59971 Shannon Court Suite 243,6679,50,1
942,942,98855,Matthew,Meade,Matthew Meade,Matthewm@gmail.com,5330 Trevor Inlet,9067,109,1
943,943,386625,Cynthia,Hughes,Cynthia Hughes,Cynthiah@gmail.com,5411 Crystal Valley Suite 114,7268,108,1
944,944,594600,Leann,Swenson,Leann Swenson,Leanns@gmail.com,5214 Pierce Grove Suite 756,8266,126,7
945,945,327199,Roland,Hatten,Roland Hatten,Rolandh@gmail.com,36358 Farley Manors,9509,207,4
946,946,307771,Harold,Lopez,Harold Lopez,Haroldl@gmail.com,266 John Walks,5285,198,3
947,947,438849,Chad,Johnson,Chad Johnson,Chadj@gmail.com,2833 Green Trail Apt. 808,5078,119,1
948,948,743338,John,Mcpherson,John Mcpherson,Johnm@gmail.com,86290 John Causeway,5511,219,9
949,949,314086,Frederick,Freeman,Frederick Freeman,Frederickf@gmail.com,957 Sharon Neck Suite 030,4278,138,1
950,950,862707,Billy,Bost,Billy Bost,Billyb@gmail.com,9657 Fuentes Loop Apt. 716,4374,70,1
951,951,511663,Marsha,Elrod,Marsha Elrod,Marshae@gmail.com,81014 Melissa Flat Suite 588,3829,228,1
952,952,649754,Kay,Cahill,Kay Cahill,Kayc@gmail.com,42772 Hill Brooks,8765,168,6
953,953,778452,Matthew,Martinez,Matthew Martinez,Matthewm@gmail.com,22213 Webster Mount,8596,188,2
954,954,152520,Linda,Johnson,Linda Johnson,Lindaj@gmail.com,2256 Heather Path Suite 689,3458,180,2
955,955,690099,Leo,Davis,Leo Davis,Leod@gmail.com,289 Rachel Common Apt. 555,6250,188,6
956,956,149909,Carolyn,Jones,Carolyn Jones,Carolynj@gmail.com,619 Thomas Trail,8668,125,9
957,957,602211,Terrance,Howe,Terrance Howe,Terranceh@gmail.com,58587 Hunter Glen,3570,208,0
958,958,942152,Victor,Hamlett,Victor Hamlett,Victorh@gmail.com,12357 Cruz Parkways Suite 059,1375,33,5
959,959,66369,James,Valdez,James Valdez,Jamesv@gmail.com,35972 Daniel Gardens Apt. 707,1948,233,9
960,960,540904,Johnnie,Saur,Johnnie Saur,Johnnies@gmail.com,499 Mooney Rue Apt. 905,6693,224,6
961,961,974005,Maynard,Brown,Maynard Brown,Maynardb@gmail.com,40205 Cruz Burg,7585,123,7
962,962,459917,Shameka,Kirby,Shameka Kirby,Shamekak@gmail.com,337 Michael Inlet Suite 825,9741,94,2
963,963,261073,Daniel,Wong,Daniel Wong,Danielw@gmail.com,02539 Denise Burg,2396,14,5
964,964,864681,Francis,Thompson,Francis Thompson,Francist@gmail.com,64924 Arroyo Cape Apt. 175,2262,28,5
965,965,734792,Jennifer,Gardner,Jennifer Gardner,Jenniferg@gmail.com,10856 Paul Street,5520,213,8
966,966,20042,Phillip,Cuevas,Phillip Cuevas,Phillipc@gmail.com,0239 Stephanie Walks,3185,97,8
967,967,456317,Jennifer,Pugh,Jennifer Pugh,Jenniferp@gmail.com,494 Green Causeway Suite 732,8647,86,7
968,968,863425,Jonathon,Jones,Jonathon Jones,Jonathonj@gmail.com,961 Miguel Centers Suite 365,1085,186,9
969,969,563214,Charlotte,Sharp,Charlotte Sharp,Charlottes@gmail.com,9204 Bryan Junction Apt. 971,1071,84,4
970,970,683333,Susie,Marinelli,Susie Marinelli,Susiem@gmail.com,09855 May Common,9260,196,0
971,971,370934,Andrea,Pounds,Andrea Pounds,Andreap@gmail.com,0968 Ryan Stravenue Apt. 506,2164,132,5
972,972,617443,Daniel,Hardter,Daniel Hardter,Danielh@gmail.com,158 Yang Crest,1959,115,2
973,973,446639,Joseph,Reed,Joseph Reed,Josephr@gmail.com,7186 Sheila Crossroad,1614,152,7
974,974,262015,Robert,Butler,Robert Butler,Robertb@gmail.com,7174 Jenna Wells,1075,28,6
975,975,992573,Carmen,White,Carmen White,Carmenw@gmail.com,8085 Frost Drives Apt. 617,4997,158,6
976,976,265930,Sharon,Fudge,Sharon Fudge,Sharonf@gmail.com,5473 Valentine Greens Suite 839,9009,59,6
977,977,751452,John,Street,John Street,Johns@gmail.com,1903 Mario Place Suite 466,2753,207,4
978,978,483359,Lakisha,Overstreet,Lakisha Overstreet,Lakishao@gmail.com,20455 Morris Station,2534,131,4
979,979,833463,Kristin,Brooks,Kristin Brooks,Kristinb@gmail.com,9298 Page Way Suite 060,2458,122,0
980,980,641885,Edward,Willett,Edward Willett,Edwardw@gmail.com,157 Carla Expressway Suite 178,1929,22,7
981,981,323993,Phyllis,Howard,Phyllis Howard,Phyllish@gmail.com,726 James Trace Apt. 676,5098,238,3
982,982,127667,Stevie,Baldwin,Stevie Baldwin,Stevieb@gmail.com,7717 Angela Flat,3042,160,8
983,983,205715,Dionne,Scott,Dionne Scott,Dionnes@gmail.com,18976 Brittany Prairie,6544,227,1
984,984,983054,Robert,Johnson,Robert Johnson,Robertj@gmail.com,3439 James Course,4863,120,1
985,985,659026,William,Rademacher,William Rademacher,Williamr@gmail.com,652 Lauren Plains,7807,88,5
986,986,332031,Eleanor,Long,Eleanor Long,Eleanorl@gmail.com,8474 Diana Hills Apt. 031,7947,203,2
987,987,64252,Kelly,Martinez,Kelly Martinez,Kellym@gmail.com,45063 Johnson Drives,8483,232,6
988,988,406548,Melissa,Feeney,Melissa Feeney,Melissaf@gmail.com,28028 Sara Rest Apt. 721,3147,94,5
989,989,310393,James,Hoff,James Hoff,Jamesh@gmail.com,702 Gordon Trail Suite 131,1544,128,5
990,990,815334,Peter,Vizza,Peter Vizza,Peterv@gmail.com,19395 Robin Prairie,8174,217,8
991,991,507759,Diane,Oliver,Diane Oliver,Dianeo@gmail.com,725 Dave Manor Suite 026,9188,109,1
992,992,610118,Maryanne,Coore,Maryanne Coore,Maryannec@gmail.com,8711 Shawna Landing Apt. 401,8698,129,4
993,993,546540,Isaac,Oreilly,Isaac Oreilly,Isaaco@gmail.com,88044 Dominguez Shores,1085,73,7
994,994,520472,Melvin,Dean,Melvin Dean,Melvind@gmail.com,4851 Jessica Road Suite 188,6357,78,1
995,995,609843,Richard,Holmes,Richard Holmes,Richardh@gmail.com,6545 Steven Drive,8602,24,6
996,996,860420,Herbert,Johnson,Herbert Johnson,Herbertj@gmail.com,322 Blackwell Mountain,1031,10,6
997,997,627597,Ivan,Casey,Ivan Casey,Ivanc@gmail.com,69150 Johnson Keys Apt. 162,5325,182,9
998,998,122092,Donna,Langlois,Donna Langlois,Donnal@gmail.com,269 Richard Ridge Suite 681,2963,122,5
999,999,887948,Maria,Emory,Maria Emory,Mariae@gmail.com,88496 Tamara River Suite 159,6817,170,6
